datetime,low,high,open,close,volume,modified
2021-04-28 15:26:00,54384.13,54384.13,54384.13,54384.13,0.00068846,2021-04-29 02:15:12.439382+00:00
2021-04-28 15:27:00,54381.46,54450.38,54435.8,54381.46,0.0690728,2021-04-29 02:15:12.439382+00:00
2021-04-28 15:28:00,54381.46,54435.8,54435.8,54426.86,0.00057412,2021-04-29 02:15:12.439382+00:00
2021-04-28 15:32:00,54427.14,54455.4,54455.4,54427.14,0.00193751,2021-04-29 02:15:12.439382+00:00
2021-04-28 15:40:00,54424.89,54443.03,54424.89,54443.03,0.0152233,2021-04-29 02:15:12.439382+00:00
2021-04-28 15:46:00,54382.01,54458.7,54458.7,54382.01,0.08344743,2021-04-29 02:30:15.417419+00:00
2021-04-28 15:48:00,54416.61,54435.63,54432.3,54435.63,0.04323025,2021-04-29 02:36:38.502979+00:00
2021-04-28 15:52:00,54430.67,54430.67,54430.67,54430.67,0.01801676,2021-04-29 02:36:38.502979+00:00
2021-04-28 15:54:00,54320.0,54388.09,54388.09,54320.0,0.28844743,2021-04-29 02:42:11.180262+00:00
2021-04-28 15:58:00,54428.74,54553.8,54442.79,54553.8,0.66128275,2021-04-29 02:53:07.186824+00:00
2021-04-28 16:04:00,54532.59,54532.59,54532.59,54532.59,0.00113207,2021-04-29 02:57:44.875705+00:00
2021-04-28 16:05:00,54437.0,54526.73,54526.73,54437.0,0.00881121,2021-04-29 03:08:39.888585+00:00
2021-04-28 16:07:00,54403.75,54457.3,54451.96,54457.3,0.00457075,2021-04-29 03:08:39.888585+00:00
2021-04-28 16:09:00,54377.94,54427.61,54377.94,54416.43,0.0012088,2021-04-29 03:18:57.835608+00:00
2021-04-28 16:11:00,54360.51,54372.02,54372.02,54360.51,0.00051884,2021-04-29 03:24:27.844601+00:00
2021-04-28 16:12:00,54317.28,54335.87,54335.87,54317.28,0.00372381,2021-04-29 03:29:44.856681+00:00
2021-04-28 16:15:00,54470.5,54548.45,54470.5,54548.45,0.00970558,2021-04-29 03:35:00.501634+00:00
2021-04-28 16:18:00,54424.66,54482.92,54482.92,54424.66,0.01198364,2021-04-29 03:35:00.501634+00:00
2021-04-28 16:27:00,54421.22,54445.13,54421.22,54445.13,0.02301593,2021-04-29 03:35:00.501634+00:00
2021-04-28 16:30:00,54469.3,54471.39,54471.39,54469.3,0.00052193,2021-04-29 03:40:18.843775+00:00
2021-04-28 16:33:00,54499.37,54613.44,54499.37,54613.44,0.00675579,2021-04-29 03:40:18.843775+00:00
2021-04-28 16:34:00,54623.52,54643.68,54623.52,54643.68,0.00052836,2021-04-29 03:40:18.843775+00:00
2021-04-28 16:35:00,54651.49,54714.24,54653.76,54701.08,0.02541087,2021-04-29 03:45:44.820355+00:00
2021-04-28 16:37:00,54724.32,54764.64,54724.32,54764.64,0.0005,2021-04-29 03:45:44.820355+00:00
2021-04-28 16:40:00,54765.5,54804.96,54774.72,54765.5,0.00056057,2021-04-29 03:49:03.057064+00:00
2021-04-28 16:42:00,54722.78,54792.43,54792.43,54722.78,0.02038217,2021-04-29 03:49:03.057064+00:00
2021-04-28 16:44:00,54721.76,54741.24,54721.76,54741.24,0.01893584,2021-04-29 03:49:03.057064+00:00
2021-04-28 16:45:00,54718.04,54718.04,54718.04,54718.04,0.00091324,2021-04-29 03:56:46.232812+00:00
2021-04-28 16:46:00,54733.58,54825.12,54746.81,54774.54,0.03807783,2021-04-29 03:56:46.232812+00:00
2021-04-28 16:48:00,54761.78,54816.66,54816.66,54799.45,0.06151935,2021-04-29 04:04:34.347145+00:00
2021-04-28 16:50:00,54756.79,54756.79,54756.79,54756.79,0.00054754,2021-04-29 04:09:34.779715+00:00
2021-04-28 16:51:00,54752.23,54762.0,54762.0,54752.23,0.00325346,2021-04-29 04:09:34.779715+00:00
2021-04-28 16:52:00,54792.33,54807.19,54792.33,54807.19,0.03668846,2021-04-29 04:14:39.312506+00:00
2021-04-28 16:53:00,54773.65,54807.19,54773.65,54773.65,0.0182519,2021-04-29 04:14:39.312506+00:00
2021-04-28 16:55:00,54753.1,54763.07,54753.1,54763.07,0.00200474,2021-04-29 04:19:49.147410+00:00
2021-04-28 16:56:00,54726.61,54822.61,54726.61,54822.61,0.0440303,2021-04-29 04:19:49.147410+00:00
2021-04-28 17:00:00,54697.58,54768.1,54768.1,54697.58,0.03593109,2021-04-29 04:30:02.774278+00:00
2021-04-28 17:04:00,54651.68,54700.6,54700.6,54651.68,0.0210969,2021-04-29 04:30:02.774278+00:00
2021-04-28 17:05:00,54680.11,54688.47,54688.47,54680.11,0.00097319,2021-04-29 04:30:02.774278+00:00
2021-04-28 17:11:00,54633.31,54700.42,54633.31,54700.42,0.01681526,2021-04-29 04:30:02.774278+00:00
2021-04-28 17:13:00,54618.07,54618.07,54618.07,54618.07,0.00254554,2021-04-29 04:30:02.774278+00:00
2021-04-28 17:14:00,54602.17,54668.08,54612.8,54668.08,0.0085827,2021-04-29 04:30:02.774278+00:00
2021-04-28 17:16:00,54602.17,54670.0,54670.0,54602.17,0.28528383,2021-04-29 04:30:02.774278+00:00
2021-04-28 17:18:00,54592.55,54721.97,54592.55,54721.97,0.00479774,2021-04-29 04:30:02.774278+00:00
2021-04-28 17:20:00,54649.84,54738.32,54698.39,54738.32,0.0036183,2021-04-29 04:30:02.774278+00:00
2021-04-28 17:27:00,54740.85,54794.1,54794.1,54740.85,0.00315963,2021-04-29 04:30:02.774278+00:00
2021-04-28 17:28:00,54721.19,54832.83,54777.39,54832.83,0.00076354,2021-04-29 04:30:02.774278+00:00
2021-04-28 17:30:00,54835.2,54929.94,54835.2,54929.94,0.00287478,2021-04-29 04:30:02.774278+00:00
2021-04-28 17:32:00,54849.55,54925.57,54849.55,54925.57,0.00129349,2021-04-29 04:30:02.774278+00:00
2021-04-28 17:36:00,54902.25,54904.07,54902.25,54904.07,0.00277861,2021-04-29 04:30:02.774278+00:00
2021-04-28 17:38:00,54917.95,54976.32,54917.95,54952.96,0.00888891,2021-04-29 04:30:02.774278+00:00
2021-04-28 17:41:00,54980.48,55016.64,54980.48,55016.64,0.0006,2021-04-29 04:30:02.774278+00:00
2021-04-28 17:44:00,55026.72,55026.72,55026.72,55026.72,0.00029077,2021-04-29 04:30:02.774278+00:00
2021-04-28 17:46:00,54936.81,54980.48,54980.48,54936.81,0.0004,2021-04-29 04:30:02.774278+00:00
2021-04-28 17:50:00,54934.77,54952.48,54934.77,54952.48,0.00081694,2021-04-29 04:30:02.774278+00:00
2021-04-28 17:51:00,54935.92,54935.92,54935.92,54935.92,0.00026732,2021-04-29 04:30:02.774278+00:00
2021-04-28 17:52:00,54877.59,54913.62,54913.62,54877.59,0.03588214,2021-04-29 05:27:35.280787+00:00
2021-04-28 17:54:00,54834.87,54909.93,54884.41,54850.97,0.00483273,2021-04-29 05:27:35.280787+00:00
2021-04-28 17:55:00,54892.73,54910.0,54907.79,54910.0,0.00158203,2021-04-29 05:32:45.215335+00:00
2021-04-28 18:01:00,54824.97,54867.19,54824.97,54867.19,0.0045223999999999,2021-04-29 05:37:52.375548+00:00
2021-04-28 18:04:00,54881.39,54938.29,54881.39,54938.29,0.01921973,2021-04-29 05:37:52.375548+00:00
2021-04-28 18:06:00,54899.45,55025.18,54899.45,55025.18,0.0015675,2021-04-29 05:41:59.491218+00:00
2021-04-28 18:08:00,54980.51,55020.63,55020.63,54980.51,0.00123363,2021-04-29 05:41:59.491218+00:00
2021-04-28 18:09:00,54999.67,55032.96,55032.96,54999.67,0.00542941,2021-04-29 05:47:06.827760+00:00
2021-04-28 18:12:00,54953.09,54998.86,54998.86,54953.09,0.00108953,2021-04-29 05:52:15.124063+00:00
2021-04-28 18:15:00,55027.47,55027.47,55027.47,55027.47,0.00015847,2021-04-29 05:52:15.124063+00:00
2021-04-28 18:16:00,55013.67,55035.29,55013.67,55035.29,0.00204924,2021-04-29 05:52:15.124063+00:00
2021-04-28 18:19:00,55036.8,55097.28,55036.8,55097.28,0.0207,2021-04-29 05:57:22.108541+00:00
2021-04-28 18:20:00,55050.0,55117.44,55107.36,55050.0,0.0006,2021-04-29 06:01:20.990463+00:00
2021-04-28 18:21:00,55040.0,55040.0,55040.0,55040.0,0.0001,2021-04-29 06:01:20.990463+00:00
2021-04-28 18:22:00,54992.22,55030.0,55030.0,54992.22,0.01927824,2021-04-29 06:01:20.990463+00:00
2021-04-28 18:27:00,54941.15,55064.26,55064.26,54941.15,0.00219306,2021-04-29 06:01:20.990463+00:00
2021-04-28 18:35:00,54917.89,54928.72,54928.72,54917.89,0.05033648,2021-04-29 06:01:20.990463+00:00
2021-04-28 18:37:00,54994.51,55065.35,54994.51,55065.35,0.06543259,2021-04-29 06:01:20.990463+00:00
2021-04-28 18:39:00,54974.41,54974.41,54974.41,54974.41,0.0004,2021-04-29 06:18:14.759751+00:00
2021-04-28 18:40:00,54932.05,54974.06,54974.06,54932.05,0.01021886,2021-04-29 06:23:20.620936+00:00
2021-04-28 18:42:00,54921.08,54951.3,54951.3,54921.08,0.00024241,2021-04-29 06:28:26.490796+00:00
2021-04-28 18:44:00,54890.78,54959.75,54959.75,54890.78,0.11873419,2021-04-29 06:32:32.038583+00:00
2021-04-28 18:46:00,54838.86,54838.86,54838.86,54838.86,0.00182099,2021-04-29 06:32:32.038583+00:00
2021-04-28 18:48:00,54770.54,54793.82,54770.54,54793.82,0.00109457,2021-04-29 06:32:32.038583+00:00
2021-04-28 18:51:00,54847.78,54850.96,54850.96,54847.78,0.00448689,2021-04-29 06:42:42.795918+00:00
2021-04-28 18:53:00,54858.43,54911.34,54858.43,54886.62,0.00610814,2021-04-29 06:42:42.795918+00:00
2021-04-28 18:55:00,54891.45,54912.41,54891.45,54912.41,0.00142795,2021-04-29 06:42:42.795918+00:00
2021-04-28 18:57:00,54854.15,54902.41,54854.15,54902.41,0.002169,2021-04-29 06:47:48.647095+00:00
2021-04-28 18:58:00,54964.61,54964.61,54964.61,54964.61,0.00065889,2021-04-29 06:51:53.185444+00:00
2021-04-28 18:59:00,54940.46,54995.56,54940.46,54995.56,0.00482455,2021-04-29 06:51:53.185444+00:00
2021-04-28 19:01:00,54940.47,55045.46,55045.46,54940.47,0.00153466,2021-04-29 06:56:58.979748+00:00
2021-04-28 19:03:00,54940.46,54978.63,54978.63,54940.46,0.00174651,2021-04-29 06:56:58.979748+00:00
2021-04-28 19:07:00,54828.63,54882.89,54828.96,54828.63,0.00332812,2021-04-29 06:56:58.979748+00:00
2021-04-28 19:09:00,54844.56,54949.15,54949.15,54844.84,0.00760716,2021-04-29 07:02:04.677575+00:00
2021-04-28 19:15:00,54877.65,54902.76,54877.65,54902.76,0.00618738,2021-04-29 07:02:04.677575+00:00
2021-04-28 19:18:00,54882.39,54921.18,54882.39,54921.18,0.00163183,2021-04-29 07:07:11.436217+00:00
2021-04-28 19:19:00,54975.37,54975.37,54975.37,54975.37,0.00026307,2021-04-29 07:11:17.321166+00:00
2021-04-28 19:22:00,54957.12,54989.18,54989.18,54957.12,0.09579341,2021-04-29 07:11:17.321166+00:00
2021-04-28 19:23:00,54976.28,55023.09,54976.28,55017.95,0.03148799,2021-04-29 07:16:23.793700+00:00
2021-04-28 19:25:00,54976.28,54991.36,54991.36,54976.28,0.0003,2021-04-29 07:16:23.793700+00:00
2021-04-28 19:26:00,55022.57,55022.57,55022.57,55022.57,0.0002,2021-04-29 07:21:30.510000+00:00
2021-04-28 19:27:00,54990.08,55034.74,55034.74,54990.08,0.0008607,2021-04-29 07:21:30.510000+00:00
2021-04-28 19:30:00,55022.57,55038.52,55038.52,55022.57,0.00232621,2021-04-29 07:21:30.510000+00:00
2021-04-28 19:31:00,55040.61,55047.47,55047.47,55040.61,0.00188473,2021-04-29 07:26:36.723447+00:00
2021-04-28 19:33:00,54955.97,54967.77,54955.97,54967.77,0.00062543,2021-04-29 07:31:43.148394+00:00
2021-04-28 19:34:00,54916.98,54925.24,54916.98,54925.24,0.00709247,2021-04-29 07:31:43.148394+00:00
2021-04-28 19:40:00,54956.93,55015.4,55015.4,54956.93,0.0038653,2021-04-29 07:36:50.114532+00:00
2021-04-28 19:41:00,55047.12,55047.12,55047.12,55047.12,0.00071375,2021-04-29 07:36:50.114532+00:00
2021-04-28 19:43:00,54993.19,55035.03,55035.03,54993.19,0.02459068,2021-04-29 07:41:56.723431+00:00
2021-04-28 19:44:00,54992.92,54996.81,54992.92,54996.81,0.00068253,2021-04-29 07:47:02.860508+00:00
2021-04-28 19:47:00,54910.94,54975.2,54910.94,54975.2,0.0225667,2021-04-29 07:47:02.860508+00:00
2021-04-28 19:51:00,54876.04,54955.47,54876.04,54955.47,0.00514453,2021-04-29 07:56:15.161336+00:00
2021-04-28 19:53:00,54945.93,54951.07,54951.07,54945.93,0.00035695,2021-04-29 07:56:15.161336+00:00
2021-04-28 19:54:00,54907.18,54907.18,54907.18,54907.18,0.00091032,2021-04-29 08:06:27.819793+00:00
2021-04-28 19:55:00,54945.09,55015.67,54945.09,55015.67,0.02137719,2021-04-29 08:11:34.204072+00:00
2021-04-28 19:56:00,54958.79,54989.69,54958.79,54989.69,0.00272902,2021-04-29 08:16:41.683303+00:00
2021-04-28 19:58:00,55118.29,55470.24,55118.29,55441.11,0.51403454,2021-04-29 08:16:41.683303+00:00
2021-04-28 19:59:00,55364.63,55492.14,55480.32,55492.14,0.02371887,2021-04-29 08:16:41.683303+00:00
2021-04-28 20:00:00,55445.4,55544.78,55492.14,55469.65,0.00454595,2021-04-29 08:21:48.572813+00:00
2021-04-28 20:01:00,55441.41,55578.05,55441.41,55578.05,0.00566229,2021-04-29 08:26:55.797952+00:00
2021-04-28 20:02:00,55597.57,55620.33,55597.57,55620.33,0.0025748,2021-04-29 08:26:55.797952+00:00
2021-04-28 20:03:00,55620.33,55883.52,55620.33,55883.52,1.06098545,2021-04-29 08:32:02.082375+00:00
2021-04-28 20:04:00,55854.31,55923.84,55893.6,55923.84,0.84428331,2021-04-29 08:32:02.082375+00:00
2021-04-28 20:05:00,55933.92,56105.28,55933.92,56105.28,0.01888931,2021-04-29 08:37:08.721214+00:00
2021-04-28 20:06:00,56115.36,56400.0,56115.36,56400.0,0.48937713,2021-04-29 08:37:08.721214+00:00
2021-04-28 20:07:00,56240.0,56498.06,56407.68,56240.0,0.008129,2021-04-29 08:37:08.721214+00:00
2021-04-28 20:08:00,56116.8,56267.47,56191.87,56213.85,0.09603039,2021-04-29 08:37:08.721214+00:00
2021-04-28 20:09:00,56123.43,56213.85,56213.85,56162.11,0.01564486,2021-04-29 08:42:15.225275+00:00
2021-04-28 20:10:00,56129.96,56215.43,56129.96,56214.16,0.01040426,2021-04-29 08:42:15.225275+00:00
2021-04-28 20:12:00,55949.74,56214.16,56214.16,55949.74,0.0314,2021-04-29 08:42:15.225275+00:00
2021-04-28 20:13:00,55751.46,55908.66,55897.66,55783.19,0.52177923,2021-04-29 08:42:15.225275+00:00
2021-04-28 20:14:00,55563.04,55837.02,55837.02,55563.04,0.6204643,2021-04-29 08:42:15.225275+00:00
2021-04-28 20:15:00,54983.49,55430.32,55430.32,55021.6,1.36318272,2021-04-29 08:47:21.767550+00:00
2021-04-28 20:16:00,54890.95,55183.03,54976.02,55183.03,0.07346965,2021-04-29 08:47:21.767550+00:00
2021-04-28 20:17:00,54785.85,55062.85,55062.85,54785.85,0.06058868,2021-04-29 08:47:21.767550+00:00
2021-04-28 20:18:00,54811.29,55041.82,54829.5,54854.87,0.2741307,2021-04-29 08:47:21.767550+00:00
2021-04-28 20:19:00,54615.51,54780.45,54780.45,54769.15,0.11174812,2021-04-29 08:52:27.553840+00:00
2021-04-28 20:20:00,54531.86,54769.15,54769.15,54543.57,0.10778817,2021-04-29 08:52:27.553840+00:00
2021-04-28 20:21:00,54428.1,54635.29,54458.74,54635.29,0.0643724,2021-04-29 08:57:33.814165+00:00
2021-04-28 20:22:00,54543.71,54781.62,54749.33,54543.71,0.02086384,2021-04-29 08:57:33.814165+00:00
2021-04-28 20:23:00,54603.6,54819.31,54603.6,54819.31,0.09119222,2021-04-29 08:57:33.814165+00:00
2021-04-28 20:25:00,54690.0,54726.58,54726.58,54690.0,0.0603,2021-04-29 09:02:40.466238+00:00
2021-04-28 20:26:00,54665.98,54857.23,54680.0,54665.98,0.0353707,2021-04-29 09:07:46.969384+00:00
2021-04-28 20:27:00,54650.0,54868.83,54660.0,54868.83,0.63861895,2021-04-29 09:07:46.969384+00:00
2021-04-28 20:28:00,54900.0,54944.39,54941.89,54900.0,1.0571,2021-04-29 09:14:57.569685+00:00
2021-04-28 20:29:00,54820.0,54879.39,54870.0,54820.0,0.03947212,2021-04-29 09:20:04.788682+00:00
2021-04-28 20:30:00,54720.0,54800.0,54800.0,54720.0,0.0009,2021-04-29 09:20:04.788682+00:00
2021-04-28 20:31:00,54732.2,54732.2,54732.2,54732.2,0.00365158,2021-04-29 09:20:04.788682+00:00
2021-04-28 20:33:00,54759.68,54759.68,54759.68,54759.68,0.06,2021-04-29 09:20:04.788682+00:00
2021-04-28 20:34:00,54809.6,54815.63,54809.6,54815.63,0.0037412,2021-04-29 09:25:11.881022+00:00
2021-04-28 20:36:00,54850.42,54850.42,54850.42,54850.42,0.02,2021-04-29 09:25:11.881022+00:00
2021-04-28 20:38:00,54775.93,54810.0,54810.0,54775.93,0.01778115,2021-04-29 09:25:11.881022+00:00
2021-04-28 20:39:00,54775.93,54827.43,54775.93,54827.43,0.00091448,2021-04-29 09:30:18.816211+00:00
2021-04-28 20:40:00,54700.0,54710.0,54710.0,54700.0,0.0015,2021-04-29 09:35:25.740053+00:00
2021-04-28 20:42:00,54540.0,54640.0,54640.0,54540.0,0.0429,2021-04-29 09:40:33.100679+00:00
2021-04-28 20:43:00,54510.0,54645.55,54555.94,54589.97,0.04124576,2021-04-29 09:40:33.100679+00:00
2021-04-28 20:44:00,54589.82,54675.21,54589.82,54675.21,0.44762913,2021-04-29 09:40:33.100679+00:00
2021-04-28 20:46:00,54470.0,54510.0,54510.0,54470.0,0.00063103,2021-04-29 09:40:33.100679+00:00
2021-04-28 20:47:00,54430.0,54470.0,54470.0,54430.0,0.00193576,2021-04-29 09:45:40.360945+00:00
2021-04-28 20:48:00,54320.72,54478.23,54420.0,54478.23,0.01742028,2021-04-29 09:48:45.018553+00:00
2021-04-28 20:49:00,54396.65,54478.23,54478.23,54396.65,0.02193371,2021-04-29 09:53:50.716066+00:00
2021-04-28 20:50:00,54502.92,54502.92,54502.92,54502.92,0.0007894999999999,2021-04-29 09:58:58.545967+00:00
2021-04-28 20:52:00,54414.18,54452.26,54452.26,54414.18,0.02025078,2021-04-29 10:04:06.542618+00:00
2021-04-28 20:54:00,54584.91,54584.91,54584.91,54584.91,0.00016414,2021-04-29 10:08:12.288859+00:00
2021-04-28 20:55:00,54458.54,54544.23,54458.54,54544.23,0.00127979,2021-04-29 10:11:16.387944+00:00
2021-04-28 20:56:00,54445.18,54529.76,54445.18,54529.76,0.00402868,2021-04-29 10:21:32.091944+00:00
2021-04-28 20:58:00,54445.18,54520.7,54520.7,54445.18,0.00220955,2021-04-29 10:21:32.091944+00:00
2021-04-28 21:00:00,54390.0,54497.72,54418.02,54390.0,0.09419206,2021-04-29 10:26:40.282641+00:00
2021-04-28 21:01:00,54250.0,54380.51,54380.0,54250.0,0.02185409,2021-04-29 10:28:44.697366+00:00
2021-04-28 21:02:00,54130.0,54245.96,54240.0,54130.0,0.00666091,2021-04-29 10:33:53.635599+00:00
2021-04-28 21:03:00,54095.53,54186.53,54124.8,54186.53,0.02169518,2021-04-29 10:39:02.762081+00:00
2021-04-28 21:04:00,54274.98,54274.98,54274.98,54274.98,0.00043091,2021-04-29 10:44:11.795839+00:00
2021-04-28 21:05:00,54174.72,54240.21,54222.3,54240.21,0.00660078,2021-04-29 10:44:11.795839+00:00
2021-04-28 21:07:00,54189.34,54362.4,54189.34,54362.4,0.00539679,2021-04-29 10:48:19.085083+00:00
2021-04-28 21:12:00,54301.53,54430.47,54345.5,54424.37,0.09753631,2021-04-29 10:53:28.069860+00:00
2021-04-28 21:15:00,54464.76,54532.8,54464.76,54532.8,0.00096208,2021-04-29 10:58:36.871470+00:00
2021-04-28 21:16:00,54542.28,54552.96,54542.28,54552.96,0.00152581,2021-04-29 11:03:46.526177+00:00
2021-04-28 21:18:00,54472.19,54586.97,54552.96,54472.19,0.00269987,2021-04-29 11:03:46.526177+00:00
2021-04-28 21:20:00,54536.74,54560.79,54536.74,54560.79,0.00355367,2021-04-29 11:03:46.526177+00:00
2021-04-28 21:22:00,54593.28,54593.28,54593.28,54593.28,0.00088028,2021-04-29 11:03:46.526177+00:00
2021-04-28 21:23:00,54546.59,54563.24,54546.59,54563.24,0.00193736,2021-04-29 11:07:54.700112+00:00
2021-04-28 21:24:00,54563.24,54563.25,54563.24,54563.24,0.0226394,2021-04-29 11:07:54.700112+00:00
2021-04-28 21:25:00,54515.76,54536.73,54536.73,54515.76,0.00271683,2021-04-29 11:13:04.728336+00:00
2021-04-28 21:27:00,54515.53,54613.44,54579.09,54613.44,0.08057436,2021-04-29 11:18:15.327015+00:00
2021-04-28 21:30:00,54604.71,54623.52,54613.44,54623.52,0.04306846,2021-04-29 11:18:15.327015+00:00
2021-04-28 21:31:00,54633.6,54754.56,54633.6,54754.56,0.00346048,2021-04-29 11:18:15.327015+00:00
2021-04-28 21:32:00,54764.64,54764.64,54764.64,54764.64,0.0001,2021-04-29 11:23:24.446076+00:00
2021-04-28 21:33:00,54708.65,54781.94,54774.72,54708.65,0.0041466,2021-04-29 11:33:40.779524+00:00
2021-04-28 21:34:00,54681.45,54759.26,54759.26,54698.66,0.01305532,2021-04-29 11:33:40.779524+00:00
2021-04-28 21:38:00,54655.29,54707.7,54707.7,54655.29,0.00153782,2021-04-29 11:33:40.779524+00:00
2021-04-28 21:40:00,54693.4,54743.37,54743.37,54693.4,0.00084512,2021-04-29 11:38:50.877482+00:00
2021-04-28 21:41:00,54695.26,54695.26,54695.26,54695.26,0.00099373,2021-04-29 11:38:50.877482+00:00
2021-04-28 21:42:00,54661.81,54743.87,54743.87,54661.81,0.04697641,2021-04-29 11:38:50.877482+00:00
2021-04-28 21:43:00,54678.08,54678.08,54678.08,54678.08,0.00063613,2021-04-29 11:44:01.160932+00:00
2021-04-28 21:44:00,54743.18,54784.8,54770.74,54743.18,0.00799441,2021-04-29 11:44:01.160932+00:00
2021-04-28 21:45:00,54792.07,54818.24,54794.88,54792.07,0.00705126,2021-04-29 11:44:01.160932+00:00
2021-04-28 21:46:00,54801.94,54852.53,54801.94,54814.97,0.06800577,2021-04-29 11:48:09.505486+00:00
2021-04-28 21:48:00,54810.27,54848.16,54848.16,54810.27,0.00509805,2021-04-29 11:48:09.505486+00:00
2021-04-28 21:49:00,54810.27,54822.87,54810.27,54822.87,0.00157531,2021-04-29 11:53:19.785335+00:00
2021-04-28 21:50:00,54812.41,54812.41,54812.41,54812.41,0.00089352,2021-04-29 11:53:19.785335+00:00
2021-04-28 21:51:00,54820.2,54841.45,54820.2,54841.45,0.00044224,2021-04-29 11:53:19.785335+00:00
2021-04-28 21:53:00,54800.18,54825.25,54825.25,54800.18,0.00257773,2021-04-29 11:58:30.651635+00:00
2021-04-28 21:54:00,54800.18,54895.68,54800.18,54895.68,0.04944113,2021-04-29 11:58:30.651635+00:00
2021-04-28 21:55:00,54867.17,54925.92,54905.76,54925.92,0.0009635,2021-04-29 11:58:30.651635+00:00
2021-04-28 21:56:00,54865.01,54890.0,54890.0,54883.45,0.00223706,2021-04-29 12:03:41.432422+00:00
2021-04-28 21:58:00,54801.09,54930.35,54930.35,54801.09,0.00073542,2021-04-29 12:08:52.539402+00:00
2021-04-28 21:59:00,54848.3,54936.0,54914.75,54848.3,0.01944067,2021-04-29 12:14:03.418404+00:00
2021-04-28 22:00:00,54900.69,54935.17,54935.17,54900.69,0.00021856,2021-04-29 12:19:14.953679+00:00
2021-04-28 22:02:00,54788.75,54857.87,54857.87,54788.75,0.00268467,2021-04-29 12:19:14.953679+00:00
2021-04-28 22:04:00,54834.16,54864.94,54864.94,54834.16,0.00109278,2021-04-29 12:24:25.345092+00:00
2021-04-28 22:05:00,54836.14,54836.14,54836.14,54836.14,0.00592641,2021-04-29 12:27:33.269425+00:00
2021-04-28 22:07:00,54836.14,54891.26,54857.15,54891.26,1.08325263,2021-04-29 12:32:44.614543+00:00
2021-04-28 22:10:00,54836.14,54891.26,54891.26,54836.14,0.00416332,2021-04-29 12:37:52.835831+00:00
2021-04-28 22:13:00,54723.65,54833.14,54833.14,54723.65,0.00032752,2021-04-29 12:43:01.106432+00:00
2021-04-28 22:16:00,54686.4,54727.38,54686.4,54727.38,0.00593173,2021-04-29 12:43:01.106432+00:00
2021-04-28 22:18:00,54723.96,54755.36,54730.64,54755.36,0.02884292,2021-04-29 12:47:09.007839+00:00
2021-04-28 22:20:00,54789.81,54789.81,54789.81,54789.81,0.00016372,2021-04-29 12:52:17.672276+00:00
2021-04-28 22:22:00,54689.45,54799.45,54735.24,54689.45,0.00289829,2021-04-29 12:52:17.672276+00:00
2021-04-28 22:25:00,54670.53,54774.35,54774.35,54670.53,0.00219079,2021-04-29 12:57:26.999278+00:00
2021-04-28 22:27:00,54596.7,54722.21,54722.21,54596.7,0.0008443,2021-04-29 12:57:26.999278+00:00
2021-04-28 22:32:00,54541.65,54586.34,54586.34,54541.65,0.00052259,2021-04-29 13:02:35.565867+00:00
2021-04-28 22:34:00,54589.48,54659.72,54659.72,54589.48,0.00241968,2021-04-29 13:06:43.144920+00:00
2021-04-28 22:37:00,54612.77,54619.16,54612.77,54619.16,0.00114439,2021-04-29 13:11:53.131480+00:00
2021-04-28 22:38:00,54619.16,54672.28,54672.28,54619.16,0.00217362,2021-04-29 13:11:53.131480+00:00
2021-04-28 22:40:00,54650.29,54666.25,54650.29,54666.25,0.00344631,2021-04-29 13:11:53.131480+00:00
2021-04-28 22:43:00,54610.16,54610.16,54610.16,54610.16,0.00033712,2021-04-29 13:17:03.500879+00:00
2021-04-28 22:44:00,54500.0,54542.49,54542.49,54500.0,0.02345022,2021-04-29 13:17:03.500879+00:00
2021-04-28 22:46:00,54545.95,54545.95,54545.95,54545.95,0.00089891,2021-04-29 13:22:13.107787+00:00
2021-04-28 22:50:00,54482.99,54490.0,54490.0,54482.99,0.00087919,2021-04-29 13:22:13.107787+00:00
2021-04-28 22:52:00,54540.68,54548.33,54540.68,54548.33,0.00227797,2021-04-29 13:22:13.107787+00:00
2021-04-28 22:56:00,54430.0,54480.0,54480.0,54430.0,0.0024,2021-04-29 13:22:13.107787+00:00
2021-04-28 22:57:00,54400.0,54420.0,54420.0,54401.74,0.00046187,2021-04-29 13:27:22.835451+00:00
2021-04-28 22:59:00,54449.12,54552.86,54509.2,54449.12,0.05586434,2021-04-29 13:27:22.835451+00:00
2021-04-28 23:01:00,54513.28,54573.13,54573.13,54513.28,0.07918299,2021-04-29 13:32:32.673862+00:00
2021-04-28 23:06:00,54636.66,54688.6,54688.6,54636.66,0.00243014,2021-04-29 13:32:32.673862+00:00
2021-04-28 23:09:00,54639.13,54776.79,54639.13,54776.79,0.00168294,2021-04-29 13:32:32.673862+00:00
2021-04-28 23:11:00,54722.12,54804.17,54777.95,54804.17,0.00958367,2021-04-29 13:37:41.875049+00:00
2021-04-28 23:13:00,54786.47,54804.18,54804.18,54786.47,0.00574357,2021-04-29 13:37:41.875049+00:00
2021-04-28 23:14:00,54728.18,54778.83,54728.18,54778.83,0.00170783,2021-04-29 13:37:41.875049+00:00
2021-04-28 23:18:00,54699.7,54822.37,54822.37,54699.7,0.00303556,2021-04-29 13:37:41.875049+00:00
2021-04-28 23:22:00,54718.77,54765.43,54765.43,54718.77,0.00113375,2021-04-29 13:37:41.875049+00:00
2021-04-28 23:25:00,54761.11,54768.78,54768.78,54761.11,0.00621892,2021-04-29 13:42:51.002354+00:00
2021-04-28 23:29:00,54690.12,54751.1,54751.1,54690.12,0.00577693,2021-04-29 13:42:51.002354+00:00
2021-04-28 23:30:00,54764.7,54792.91,54764.7,54792.91,0.00131926,2021-04-29 13:46:59.381596+00:00
2021-04-28 23:34:00,54769.23,54769.23,54769.23,54769.23,0.00036345,2021-04-29 13:46:59.381596+00:00
2021-04-28 23:35:00,54748.25,54795.68,54748.25,54795.68,0.01164917,2021-04-29 13:46:59.381596+00:00
2021-04-28 23:40:00,54780.11,54780.95,54780.11,54780.95,0.00374759,2021-04-29 13:46:59.381596+00:00
2021-04-28 23:43:00,54734.05,54832.05,54734.05,54832.05,0.00049071,2021-04-29 13:46:59.381596+00:00
2021-04-28 23:44:00,54832.73,54833.85,54833.85,54832.73,0.00078035,2021-04-29 13:52:39.557921+00:00
2021-04-28 23:45:00,54835.2,54922.78,54835.2,54880.38,0.98820896,2021-04-29 13:52:39.557921+00:00
2021-04-28 23:47:00,54800.0,54803.8,54800.0,54803.8,0.0022426,2021-04-29 13:52:39.557921+00:00
2021-04-28 23:49:00,54777.51,54855.62,54780.6,54855.62,0.03699879,2021-04-29 13:52:39.557921+00:00
2021-04-28 23:50:00,54845.0,54853.0,54845.0,54853.0,0.006304,2021-04-29 13:57:48.707236+00:00
2021-04-28 23:54:00,54787.14,54848.11,54848.11,54808.52,0.00348946,2021-04-29 13:57:48.707236+00:00
2021-04-28 23:59:00,54882.75,54946.08,54882.75,54934.0,0.00119171,2021-04-29 13:57:48.707236+00:00
2021-04-29 00:00:00,54956.16,54998.49,54956.16,54998.49,0.0039031,2021-04-29 13:57:48.707236+00:00
2021-04-29 00:02:00,54920.0,54960.0,54960.0,54945.7,0.00261274,2021-04-29 13:57:48.707236+00:00
2021-04-29 00:04:00,54776.48,54808.0,54808.0,54776.48,0.50125879,2021-04-29 14:02:58.031767+00:00
2021-04-29 00:06:00,54870.16,54870.16,54870.16,54870.16,0.00016285,2021-04-29 14:02:58.031767+00:00
2021-04-29 00:07:00,54975.74,54975.74,54975.74,54975.74,0.00108259,2021-04-29 14:02:58.031767+00:00
2021-04-29 00:08:00,55006.56,55218.24,55006.56,55218.24,0.01294611,2021-04-29 14:02:58.031767+00:00
2021-04-29 00:10:00,55140.0,55241.95,55228.32,55140.0,0.00224737,2021-04-29 14:07:06.245449+00:00
2021-04-29 00:11:00,55110.0,55154.73,55154.73,55110.0,0.00175178,2021-04-29 14:07:06.245449+00:00
2021-04-29 00:12:00,55070.0,55100.0,55100.0,55070.0,0.00188517,2021-04-29 14:07:06.245449+00:00
2021-04-29 00:13:00,55095.21,55111.29,55111.29,55095.21,0.00942732,2021-04-29 14:12:16.429924+00:00
2021-04-29 00:14:00,55020.0,55060.0,55060.0,55036.53,0.00083465,2021-04-29 14:12:16.429924+00:00
2021-04-29 00:15:00,55032.91,55054.82,55032.91,55054.82,0.0015623,2021-04-29 14:12:16.429924+00:00
2021-04-29 00:18:00,55064.32,55167.13,55167.13,55064.32,0.00206275,2021-04-29 14:17:27.361056+00:00
2021-04-29 00:20:00,55036.11,55071.6,55071.6,55036.11,0.04053201,2021-04-29 14:22:38.065970+00:00
2021-04-29 00:21:00,55035.34,55036.11,55036.11,55035.34,0.0005428,2021-04-29 14:22:38.065970+00:00
2021-04-29 00:24:00,54935.33,54984.97,54984.97,54935.33,0.02664344,2021-04-29 14:22:38.065970+00:00
2021-04-29 00:27:00,54917.44,55006.55,54917.44,55006.55,0.00250253,2021-04-29 14:26:46.464761+00:00
2021-04-29 00:28:00,54958.0,54970.0,54970.0,54958.0,0.00018256,2021-04-29 14:26:46.464761+00:00
2021-04-29 00:33:00,55006.55,55039.67,55006.55,55039.67,0.0021561999999999,2021-04-29 14:31:56.174970+00:00
2021-04-29 00:34:00,54990.0,55001.91,55001.91,54990.0,0.00038174,2021-04-29 14:31:56.174970+00:00
2021-04-29 00:35:00,54958.57,54980.0,54980.0,54958.57,0.00489416,2021-04-29 14:37:06.091378+00:00
2021-04-29 00:39:00,54984.29,55022.56,55022.56,54984.29,0.00102269,2021-04-29 14:42:16.590131+00:00
2021-04-29 00:46:00,54917.85,54917.85,54917.85,54917.85,0.05736579,2021-04-29 14:42:16.590131+00:00
2021-04-29 00:53:00,54780.0,54800.0,54800.0,54795.68,0.00033713,2021-04-29 14:42:16.590131+00:00
2021-04-29 00:54:00,54770.0,54788.67,54780.0,54784.84,0.00049014,2021-04-29 14:47:27.786204+00:00
2021-04-29 00:58:00,54742.56,54742.56,54742.56,54742.56,0.00228217,2021-04-29 14:52:39.008009+00:00
2021-04-29 00:59:00,54716.07,54819.86,54819.86,54716.07,0.00300322,2021-04-29 14:52:39.008009+00:00
2021-04-29 01:02:00,54617.6,54617.61,54617.61,54617.6,0.0456566,2021-04-29 14:57:50.216925+00:00
2021-04-29 01:06:00,54530.0,54579.81,54579.81,54530.0,0.00036424,2021-04-29 14:57:50.216925+00:00
2021-04-29 01:10:00,54520.0,54691.77,54520.0,54691.77,0.00040207,2021-04-29 14:57:50.216925+00:00
2021-04-29 01:12:00,54579.59,54579.59,54579.59,54579.59,0.00028687,2021-04-29 15:03:00.209664+00:00
2021-04-29 01:13:00,54608.26,54695.71,54608.26,54654.59,0.00186711,2021-04-29 15:07:08.214617+00:00
2021-04-29 01:17:00,54630.0,54736.0,54650.0,54736.0,0.01153635,2021-04-29 15:07:08.214617+00:00
2021-04-29 01:23:00,54639.42,54682.47,54639.42,54668.1,0.00204799,2021-04-29 15:12:19.208515+00:00
2021-04-29 01:24:00,54658.67,54658.67,54658.67,54658.67,0.00045519,2021-04-29 15:17:30.377780+00:00
2021-04-29 01:28:00,54510.0,54618.05,54618.05,54510.0,0.00180062,2021-04-29 15:17:30.377780+00:00
2021-04-29 01:31:00,54500.0,54572.91,54500.0,54572.91,0.00483398,2021-04-29 15:22:43.155950+00:00
2021-04-29 01:33:00,54573.13,54652.96,54573.13,54652.96,0.0003436,2021-04-29 15:22:43.155950+00:00
2021-04-29 01:35:00,54570.0,54590.0,54590.0,54570.0,0.0003,2021-04-29 15:22:43.155950+00:00
2021-04-29 01:40:00,54628.33,54643.92,54628.33,54643.92,0.00217973,2021-04-29 15:26:51.702419+00:00
2021-04-29 01:42:00,54582.96,54610.0,54610.0,54582.96,0.00152888,2021-04-29 15:32:03.061089+00:00
2021-04-29 01:46:00,54636.15,54658.53,54636.15,54658.53,0.00102005,2021-04-29 15:37:15.610296+00:00
2021-04-29 01:53:00,54614.71,54675.77,54620.0,54675.77,0.00214692,2021-04-29 15:37:15.610296+00:00
2021-04-29 02:03:00,54695.56,54765.59,54695.56,54730.51,0.44485489,2021-04-29 15:42:27.064511+00:00
2021-04-29 02:05:00,54720.0,54765.57,54730.0,54765.57,0.004549,2021-04-29 15:42:27.064511+00:00
2021-04-29 02:08:00,54710.24,54710.82,54710.24,54710.82,0.00208872,2021-04-29 15:42:27.064511+00:00
2021-04-29 02:09:00,54680.0,54710.0,54710.0,54680.0,0.0004,2021-04-29 15:42:27.064511+00:00
2021-04-29 02:11:00,54560.0,54670.0,54670.0,54560.0,0.0408,2021-04-29 15:47:38.754249+00:00
2021-04-29 02:13:00,54452.94,54574.32,54550.0,54452.94,0.13699307,2021-04-29 15:47:38.754249+00:00
2021-04-29 02:20:00,54484.0,54499.31,54484.0,54499.31,0.00044362,2021-04-29 15:52:55.923404+00:00
2021-04-29 02:24:00,54400.0,54450.0,54450.0,54405.83,0.00109266,2021-04-29 15:52:55.923404+00:00
2021-04-29 02:25:00,54380.0,54404.12,54390.0,54404.12,0.00030808,2021-04-29 15:52:55.923404+00:00
2021-04-29 02:26:00,54432.16,54432.16,54432.16,54432.16,0.00113188,2021-04-29 15:58:06.966612+00:00
2021-04-29 02:27:00,54370.0,54376.84,54370.0,54376.84,0.00164783,2021-04-29 15:58:06.966612+00:00
2021-04-29 02:31:00,54491.75,54582.09,54491.75,54582.09,0.00055245,2021-04-29 16:03:18.640083+00:00
2021-04-29 02:34:00,54484.3,54521.05,54521.05,54484.3,0.00486931,2021-04-29 16:07:30.122093+00:00
2021-04-29 02:37:00,54539.59,54541.49,54541.49,54539.59,0.00473627,2021-04-29 16:10:35.678734+00:00
2021-04-29 02:41:00,54409.97,54537.95,54409.97,54537.95,0.02651984,2021-04-29 16:15:44.364363+00:00
2021-04-29 02:49:00,54408.71,54437.8,54408.71,54437.8,0.00168843,2021-04-29 16:15:44.364363+00:00
2021-04-29 02:55:00,54514.6,54580.69,54514.6,54580.69,0.00400511,2021-04-29 16:20:53.576843+00:00
2021-04-29 03:04:00,54542.78,54561.07,54542.78,54561.07,0.00369811,2021-04-29 16:26:02.137873+00:00
2021-04-29 03:08:00,54645.96,54645.96,54645.96,54645.96,0.00087419,2021-04-29 16:26:02.137873+00:00
2021-04-29 03:18:00,54610.86,54653.4,54653.4,54610.86,0.04942803,2021-04-29 16:31:11.879940+00:00
2021-04-29 03:23:00,54491.24,54533.94,54510.2,54524.34,0.00979641,2021-04-29 16:36:22.162851+00:00
2021-04-29 03:26:00,54466.37,54504.61,54466.37,54504.61,0.00090684,2021-04-29 16:36:22.162851+00:00
2021-04-29 03:32:00,54466.37,54466.37,54466.37,54466.37,0.0009199999999999,2021-04-29 16:36:22.162851+00:00
2021-04-29 03:34:00,54389.01,54389.01,54389.01,54389.01,0.0003049,2021-04-29 16:41:31.146370+00:00
2021-04-29 03:35:00,54300.0,54379.88,54379.88,54300.6,0.04218502,2021-04-29 16:46:40.563372+00:00
2021-04-29 03:37:00,54357.82,54388.23,54388.23,54357.82,0.00050348,2021-04-29 16:46:40.563372+00:00
2021-04-29 03:39:00,54240.0,54290.0,54290.0,54240.0,0.00295948,2021-04-29 16:46:40.563372+00:00
2021-04-29 03:40:00,54156.69,54282.16,54232.68,54282.16,0.04272641,2021-04-29 16:46:40.563372+00:00
2021-04-29 03:44:00,54257.0,54257.11,54257.11,54257.0,0.0016667,2021-04-29 16:46:40.563372+00:00
2021-04-29 03:45:00,54195.42,54235.34,54235.34,54195.42,0.01935349,2021-04-29 16:46:40.563372+00:00
2021-04-29 03:47:00,54199.0,54199.0,54199.0,54199.0,0.02437026,2021-04-29 16:51:53.822990+00:00
2021-04-29 03:48:00,54199.0,54277.68,54199.0,54277.68,1.97710995,2021-04-29 16:51:53.822990+00:00
2021-04-29 03:51:00,54148.17,54281.88,54150.0,54273.56,0.00231951,2021-04-29 16:51:53.822990+00:00
2021-04-29 03:54:00,54230.4,54275.0,54230.4,54275.0,1.01389133,2021-04-29 16:57:07.831282+00:00
2021-04-29 03:55:00,54312.17,54363.54,54362.35,54363.54,0.00183153,2021-04-29 16:57:07.831282+00:00
2021-04-29 04:03:00,54194.1,54216.83,54194.1,54216.83,0.00577,2021-04-29 16:57:07.831282+00:00
2021-04-29 04:05:00,54148.17,54237.51,54237.51,54148.17,0.00558146,2021-04-29 16:57:07.831282+00:00
2021-04-29 04:07:00,54140.0,54178.13,54178.13,54140.0,0.00061433,2021-04-29 17:02:21.709080+00:00
2021-04-29 04:10:00,54185.78,54226.35,54194.35,54185.78,0.02298224,2021-04-29 17:02:21.709080+00:00
2021-04-29 04:14:00,54130.0,54193.39,54193.39,54130.0,0.00098107,2021-04-29 17:02:21.709080+00:00
2021-04-29 04:17:00,54110.0,54156.86,54120.37,54156.86,0.00840628,2021-04-29 17:02:21.709080+00:00
2021-04-29 04:18:00,54153.93,54215.91,54215.91,54153.93,0.00342131,2021-04-29 17:02:21.709080+00:00
2021-04-29 04:26:00,54153.93,54170.99,54153.93,54170.99,0.01370541,2021-04-29 17:06:33.882288+00:00
2021-04-29 04:29:00,54138.69,54214.93,54138.69,54214.93,0.02163689,2021-04-29 17:09:41.284710+00:00
2021-04-29 04:32:00,54101.11,54220.96,54220.96,54101.11,0.00416162,2021-04-29 17:09:41.284710+00:00
2021-04-29 04:37:00,54057.38,54100.0,54100.0,54093.78,0.04666264,2021-04-29 17:09:41.284710+00:00
2021-04-29 04:39:00,53980.0,54051.42,54050.0,53980.0,0.07308512,2021-04-29 17:09:41.284710+00:00
2021-04-29 04:40:00,53872.71,53970.0,53970.0,53872.71,0.01186438,2021-04-29 17:09:41.284710+00:00
2021-04-29 04:41:00,53768.9,53872.71,53872.71,53768.9,0.00172543,2021-04-29 17:14:52.756347+00:00
2021-04-29 04:43:00,53700.0,53760.0,53760.0,53700.0,0.00159216,2021-04-29 17:14:52.756347+00:00
2021-04-29 04:44:00,53650.0,53744.67,53744.67,53650.0,0.02636199,2021-04-29 17:14:52.756347+00:00
2021-04-29 04:47:00,53600.0,53729.5,53640.0,53729.5,0.0058128,2021-04-29 17:14:52.756347+00:00
2021-04-29 04:52:00,53693.76,53850.57,53850.57,53693.76,0.00711214,2021-04-29 17:14:52.756347+00:00
2021-04-29 04:57:00,53630.0,53735.67,53735.67,53630.0,0.00102604,2021-04-29 17:20:05.923351+00:00
2021-04-29 05:00:00,53570.0,53702.14,53590.0,53702.14,0.6432,2021-04-29 17:20:05.923351+00:00
2021-04-29 05:02:00,53768.43,53806.51,53771.15,53768.43,0.04104333,2021-04-29 17:20:05.923351+00:00
2021-04-29 05:07:00,53768.43,53782.35,53768.43,53782.35,0.00035253,2021-04-29 17:20:05.923351+00:00
2021-04-29 05:09:00,53834.45,53849.86,53834.45,53849.86,0.00049129,2021-04-29 17:20:05.923351+00:00
2021-04-29 05:15:00,53853.88,53879.85,53853.88,53879.85,0.00090199,2021-04-29 17:20:05.923351+00:00
2021-04-29 05:18:00,53963.38,53963.38,53963.38,53963.38,0.00017482,2021-04-29 17:25:20.145925+00:00
2021-04-29 05:20:00,53938.89,53961.1,53938.89,53961.1,0.00057021,2021-04-29 17:25:20.145925+00:00
2021-04-29 05:22:00,53906.68,53907.22,53906.68,53907.22,0.00161047,2021-04-29 17:25:20.145925+00:00
2021-04-29 05:24:00,53907.22,53907.22,53907.22,53907.22,0.00096813,2021-04-29 17:25:20.145925+00:00
2021-04-29 05:28:00,53682.64,53897.28,53897.28,53886.91,0.54347062,2021-04-29 17:30:33.592956+00:00
2021-04-29 05:31:00,53888.53,53902.54,53902.53,53888.53,0.11337819,2021-04-29 17:30:33.592956+00:00
2021-04-29 05:33:00,53908.03,53943.61,53908.03,53943.61,0.00097604,2021-04-29 17:30:33.592956+00:00
2021-04-29 05:35:00,53908.03,53943.58,53943.58,53908.03,0.00036834,2021-04-29 17:30:33.592956+00:00
2021-04-29 05:39:00,53780.9,53835.04,53835.04,53780.9,0.00225035,2021-04-29 17:30:33.592956+00:00
2021-04-29 05:41:00,53826.91,53826.91,53826.91,53826.91,0.00016665,2021-04-29 17:35:47.087883+00:00
2021-04-29 05:43:00,53748.25,53813.92,53748.25,53791.95,0.00303971,2021-04-29 17:35:47.087883+00:00
2021-04-29 05:48:00,53871.38,53871.38,53871.38,53871.38,0.00363743,2021-04-29 17:41:00.840322+00:00
2021-04-29 05:49:00,53894.55,53914.08,53914.08,53894.55,0.00053389,2021-04-29 17:41:00.840322+00:00
2021-04-29 05:51:00,53894.55,54018.72,53894.55,54018.72,0.087,2021-04-29 17:41:00.840322+00:00
2021-04-29 05:56:00,54018.72,54018.72,54018.72,54018.72,0.0017,2021-04-29 17:46:14.297769+00:00
2021-04-29 05:59:00,53972.07,54001.6,53972.07,54001.6,0.00028155,2021-04-29 17:46:14.297769+00:00
2021-04-29 06:08:00,54028.8,54089.28,54028.8,54089.28,0.018599,2021-04-29 17:52:34.375042+00:00
2021-04-29 06:09:00,54099.36,54099.36,54099.36,54099.36,0.0001,2021-04-29 17:52:34.375042+00:00
2021-04-29 06:10:00,54109.44,54240.48,54109.44,54240.48,0.00232617,2021-04-29 17:52:34.375042+00:00
2021-04-29 06:11:00,54250.56,54371.52,54250.56,54300.37,0.51397534,2021-04-29 17:57:50.954205+00:00
2021-04-29 06:12:00,54300.37,54381.6,54300.37,54381.6,0.0019,2021-04-29 17:57:50.954205+00:00
2021-04-29 06:18:00,54391.68,54497.11,54391.68,54497.11,0.00285547,2021-04-29 18:03:06.277011+00:00
2021-04-29 06:21:00,54502.56,54502.56,54502.56,54502.56,0.0001,2021-04-29 18:03:06.277011+00:00
2021-04-29 06:24:00,54428.6,54458.73,54458.73,54428.6,0.00212789,2021-04-29 18:03:06.277011+00:00
2021-04-29 06:29:00,54441.72,54446.92,54446.92,54441.72,0.00083167,2021-04-29 18:03:06.277011+00:00
2021-04-29 06:30:00,54368.35,54436.27,54436.27,54368.35,0.00157576,2021-04-29 18:08:20.863867+00:00
2021-04-29 06:32:00,54299.89,54384.64,54360.72,54384.64,0.00109233,2021-04-29 18:08:20.863867+00:00
2021-04-29 06:38:00,54392.97,54532.8,54392.97,54532.8,0.00053916,2021-04-29 18:13:32.958487+00:00
2021-04-29 06:40:00,54448.88,54483.74,54483.74,54448.88,0.00061254,2021-04-29 18:13:32.958487+00:00
2021-04-29 06:41:00,54390.87,54459.76,54401.69,54459.76,0.00153865,2021-04-29 18:18:47.554306+00:00
2021-04-29 06:44:00,54335.07,54401.93,54401.93,54335.07,0.05799519,2021-04-29 18:18:47.554306+00:00
2021-04-29 06:48:00,54253.58,54253.58,54253.58,54253.58,0.00067887,2021-04-29 18:18:47.554306+00:00
2021-04-29 06:50:00,54319.3,54352.6,54352.6,54319.3,0.01372268,2021-04-29 18:24:02.447747+00:00
2021-04-29 06:53:00,54397.22,54397.22,54397.22,54397.22,0.02323404,2021-04-29 18:27:11.303354+00:00
2021-04-29 06:54:00,54397.25,54467.07,54397.25,54467.07,0.00046334,2021-04-29 18:32:25.731663+00:00
2021-04-29 06:57:00,54408.84,54444.14,54444.14,54408.84,0.00095725,2021-04-29 18:32:25.731663+00:00
2021-04-29 07:00:00,54430.33,54444.14,54444.14,54430.33,0.00533006,2021-04-29 18:32:25.731663+00:00
2021-04-29 07:02:00,54461.63,54462.33,54461.63,54462.33,0.0003,2021-04-29 18:37:39.573778+00:00
2021-04-29 07:06:00,54454.25,54460.68,54460.68,54454.25,0.0005671,2021-04-29 18:37:39.573778+00:00
2021-04-29 07:09:00,54400.25,54454.22,54400.25,54403.19,0.00048377,2021-04-29 18:42:53.750658+00:00
2021-04-29 07:12:00,54384.46,54423.09,54423.09,54384.46,0.00471192,2021-04-29 18:42:53.750658+00:00
2021-04-29 07:13:00,54439.32,54460.0,54439.32,54460.0,0.14370532,2021-04-29 18:45:00.551986+00:00
2021-04-29 07:16:00,54474.33,54538.44,54517.27,54474.33,0.00278316,2021-04-29 18:45:00.551986+00:00
2021-04-29 07:18:00,54473.8,54522.07,54522.07,54473.8,0.00043915,2021-04-29 18:45:00.551986+00:00
2021-04-29 07:20:00,54452.65,54496.28,54478.85,54452.65,0.00325069,2021-04-29 18:45:00.551986+00:00
2021-04-29 07:21:00,54430.55,54452.64,54430.55,54452.64,0.00258914,2021-04-29 18:45:00.551986+00:00
2021-04-29 07:24:00,54400.57,54411.5,54401.3,54411.5,0.0995,2021-04-29 18:45:00.551986+00:00
2021-04-29 07:28:00,54452.65,54452.65,54452.65,54452.65,0.0040619,2021-04-29 18:45:00.551986+00:00
2021-04-29 07:29:00,54452.65,54452.65,54452.65,54452.65,0.01597387,2021-04-29 18:45:00.551986+00:00
2021-04-29 07:32:00,54441.25,54464.01,54464.01,54441.25,0.00082621,2021-04-29 18:45:00.551986+00:00
2021-04-29 07:35:00,54436.98,54473.18,54436.98,54466.1,0.02080183,2021-04-29 18:45:00.551986+00:00
2021-04-29 07:39:00,54360.4,54430.46,54430.46,54360.4,0.03739914,2021-04-29 18:45:00.551986+00:00
2021-04-29 07:43:00,54427.63,54446.44,54427.63,54446.44,0.00774553,2021-04-29 18:45:00.551986+00:00
2021-04-29 07:46:00,54445.72,54461.32,54461.32,54451.26,0.00153357,2021-04-29 18:45:00.551986+00:00
2021-04-29 07:54:00,54395.68,54395.68,54395.68,54395.68,0.00055123,2021-04-29 18:45:00.551986+00:00
2021-04-29 07:55:00,54437.6,54460.01,54437.6,54460.01,0.00043563,2021-04-29 18:45:00.551986+00:00
2021-04-29 08:03:00,54349.25,54368.22,54349.25,54368.22,0.00236706,2021-04-29 18:45:00.551986+00:00
2021-04-29 08:07:00,54353.41,54444.7,54353.41,54444.7,0.00232755,2021-04-29 18:45:00.551986+00:00
2021-04-29 08:13:00,54183.74,54306.21,54306.21,54183.74,0.08018825,2021-04-29 18:45:00.551986+00:00
2021-04-29 08:16:00,54080.0,54142.94,54142.94,54080.0,0.00122075,2021-04-29 18:45:00.551986+00:00
2021-04-29 08:17:00,53980.0,54070.0,54070.0,54042.08,0.00316471,2021-04-29 18:45:00.551986+00:00
2021-04-29 08:20:00,53940.0,54035.12,54035.12,54004.49,0.00097271,2021-04-29 18:45:00.551986+00:00
2021-04-29 08:23:00,54053.65,54053.65,54053.65,54053.65,0.02,2021-04-29 18:45:00.551986+00:00
2021-04-29 08:24:00,54049.45,54097.27,54053.65,54049.45,0.00380077,2021-04-29 18:45:00.551986+00:00
2021-04-29 08:28:00,54001.28,54024.46,54024.46,54001.28,0.00302518,2021-04-29 18:45:00.551986+00:00
2021-04-29 08:30:00,53930.0,54075.52,53930.0,54075.52,0.00070089,2021-04-29 18:45:00.551986+00:00
2021-04-29 08:34:00,54039.76,54043.15,54043.15,54039.76,0.00242097,2021-04-29 18:45:00.551986+00:00
2021-04-29 08:35:00,54014.95,54050.2,54050.2,54014.95,0.00121034,2021-04-29 18:45:00.551986+00:00
2021-04-29 08:36:00,53968.64,54009.14,54009.14,53968.64,0.00333434,2021-04-29 18:45:00.551986+00:00
2021-04-29 08:37:00,53982.66,53992.57,53982.66,53992.57,0.00300439,2021-04-29 18:45:00.551986+00:00
2021-04-29 08:38:00,53949.58,53992.57,53992.57,53949.58,0.00304608,2021-04-29 18:45:00.551986+00:00
2021-04-29 08:39:00,54002.7,54003.39,54002.7,54003.39,0.00065381,2021-04-29 18:45:00.551986+00:00
2021-04-29 08:40:00,53960.22,53992.32,53989.36,53992.32,0.01920051,2021-04-29 18:45:00.551986+00:00
2021-04-29 08:41:00,54057.93,54057.93,54057.93,54057.93,0.00038427,2021-04-29 18:45:00.551986+00:00
2021-04-29 08:42:00,54034.44,54055.95,54055.95,54034.44,0.00079009,2021-04-29 18:45:00.551986+00:00
2021-04-29 08:43:00,54034.44,54043.2,54034.44,54043.2,0.0050037,2021-04-29 18:45:00.551986+00:00
2021-04-29 08:44:00,54021.75,54068.63,54021.75,54054.88,0.03556501,2021-04-29 18:45:00.551986+00:00
2021-04-29 08:45:00,53974.12,54054.88,54054.88,53974.12,0.00277139,2021-04-29 18:45:00.551986+00:00
2021-04-29 08:47:00,53987.36,54033.29,53987.36,54033.29,0.00116249,2021-04-29 18:45:00.551986+00:00
2021-04-29 08:49:00,53974.12,54012.72,54012.72,53974.12,0.00096473,2021-04-29 18:45:00.551986+00:00
2021-04-29 08:51:00,53974.12,54036.94,53974.12,54036.94,0.0057585,2021-04-29 18:45:00.551986+00:00
2021-04-29 08:53:00,53995.16,54019.89,54019.89,53995.16,0.00177378,2021-04-29 18:45:00.551986+00:00
2021-04-29 08:55:00,54026.99,54042.92,54026.99,54042.92,0.01019201,2021-04-29 18:45:00.551986+00:00
2021-04-29 08:58:00,53978.37,54028.98,53978.37,54028.98,0.00233866,2021-04-29 18:45:00.551986+00:00
2021-04-29 09:02:00,53850.0,53920.03,53920.03,53850.0,0.00298606,2021-04-29 18:45:00.551986+00:00
2021-04-29 09:03:00,53840.0,53956.58,53840.0,53956.58,0.00047823,2021-04-29 18:45:00.551986+00:00
2021-04-29 09:06:00,53906.77,54217.75,53906.77,54217.75,0.56348991,2021-04-29 18:45:00.551986+00:00
2021-04-29 09:15:00,54244.86,54391.68,54244.86,54391.68,0.66153077,2021-04-29 18:45:00.551986+00:00
2021-04-29 09:17:00,54401.76,54492.48,54401.76,54492.48,0.00934065,2021-04-29 18:45:00.551986+00:00
2021-04-29 09:18:00,54502.56,54502.56,54502.56,54502.56,0.0001,2021-04-29 18:45:00.551986+00:00
2021-04-29 09:19:00,54512.64,54620.58,54512.64,54620.58,0.0828,2021-04-29 18:45:00.551986+00:00
2021-04-29 09:20:00,54557.16,54663.84,54597.34,54602.33,0.00944452,2021-04-29 20:35:19.864793+00:00
2021-04-29 09:23:00,54599.96,54704.16,54662.22,54599.96,0.05546435,2021-04-29 20:40:09.459405+00:00
2021-04-29 09:24:00,54661.25,54687.28,54687.28,54661.25,0.03285879,2021-04-29 20:40:09.459405+00:00
2021-04-29 09:25:00,54565.87,54656.69,54656.69,54565.87,0.004799,2021-04-29 20:45:25.149492+00:00
2021-04-29 09:29:00,54584.73,54615.1,54584.73,54615.1,0.00165463,2021-04-29 20:45:25.149492+00:00
2021-04-29 09:33:00,54616.67,54714.24,54616.67,54714.24,0.00026424,2021-04-29 20:45:25.149492+00:00
2021-04-29 09:36:00,54672.62,54724.32,54724.32,54672.62,0.0628,2021-04-29 20:50:41.309650+00:00
2021-04-29 09:37:00,54671.6,54732.55,54671.6,54721.16,0.02113114,2021-04-29 20:50:41.309650+00:00
2021-04-29 09:38:00,54679.66,54707.94,54707.94,54679.66,0.04563869,2021-04-29 20:55:54.309891+00:00
2021-04-29 09:40:00,54734.4,54743.02,54734.4,54743.02,0.0004368,2021-04-29 20:55:54.309891+00:00
2021-04-29 09:42:00,54744.48,54754.56,54744.48,54746.34,0.0212955999999999,2021-04-29 21:01:07.430687+00:00
2021-04-29 09:46:00,54460.92,54764.64,54764.64,54460.92,0.2557044,2021-04-29 21:01:07.430687+00:00
2021-04-29 09:50:00,54651.54,54698.56,54651.54,54698.56,0.02046223,2021-04-29 21:06:21.392358+00:00
2021-04-29 09:59:00,54629.28,54663.11,54629.28,54663.11,0.00160248,2021-04-29 21:06:21.392358+00:00
2021-04-29 10:02:00,54687.84,54706.93,54687.84,54706.93,0.00150283,2021-04-29 21:06:21.392358+00:00
2021-04-29 10:06:00,54679.67,54751.66,54751.66,54679.67,0.00146637,2021-04-29 21:11:34.862351+00:00
2021-04-29 10:08:00,54704.42,54723.68,54723.68,54704.42,0.00897823,2021-04-29 21:11:34.862351+00:00
2021-04-29 10:19:00,54506.45,54532.72,54532.72,54510.82,0.0895,2021-04-29 21:15:46.228481+00:00
2021-04-29 10:21:00,54513.83,54565.98,54513.83,54565.98,0.00134676,2021-04-29 21:15:46.228481+00:00
2021-04-29 10:22:00,54479.02,54495.06,54495.06,54479.02,0.0010638,2021-04-29 21:21:00.100000+00:00
2021-04-29 10:27:00,54513.06,54519.74,54519.74,54513.06,0.00139988,2021-04-29 21:21:00.100000+00:00
2021-04-29 10:34:00,54469.22,54576.35,54576.35,54469.22,0.00203501,2021-04-29 21:26:13.185005+00:00
2021-04-29 10:36:00,54547.93,54563.48,54563.48,54547.93,0.00429531,2021-04-29 21:26:13.185005+00:00
2021-04-29 10:41:00,54508.64,54515.09,54508.64,54515.09,0.00080809,2021-04-29 21:31:26.943238+00:00
2021-04-29 10:44:00,54466.07,54492.11,54466.07,54492.11,0.00518499,2021-04-29 21:31:26.943238+00:00
2021-04-29 10:47:00,54434.21,54548.87,54434.21,54506.02,0.00121851,2021-04-29 21:35:38.176709+00:00
2021-04-29 10:51:00,54476.77,54491.86,54476.77,54491.86,0.00178004,2021-04-29 21:40:51.348336+00:00
2021-04-29 10:58:00,54501.58,54515.09,54515.09,54501.58,0.00036798,2021-04-29 21:46:05.202800+00:00
2021-04-29 11:01:00,54474.23,54513.78,54474.23,54513.78,0.00070273,2021-04-29 21:46:05.202800+00:00
2021-04-29 11:02:00,54338.74,54506.09,54506.09,54338.74,0.00082009,2021-04-29 21:46:05.202800+00:00
2021-04-29 11:03:00,54368.21,54368.21,54368.21,54368.21,0.00245305,2021-04-29 21:51:19.740916+00:00
2021-04-29 11:04:00,54339.58,54357.13,54357.13,54339.58,0.02016812,2021-04-29 21:51:19.740916+00:00
2021-04-29 11:05:00,54462.94,54469.15,54462.94,54469.15,0.00538559,2021-04-29 21:55:31.074489+00:00
2021-04-29 11:08:00,54407.79,54447.2,54407.79,54434.56,0.00070566,2021-04-29 21:55:31.074489+00:00
2021-04-29 11:09:00,54436.57,54456.1,54456.1,54436.57,0.01978227,2021-04-29 22:00:44.874880+00:00
2021-04-29 11:16:00,54320.0,54330.57,54330.57,54320.0,0.0014818,2021-04-29 22:00:44.874880+00:00
2021-04-29 11:17:00,54230.0,54310.0,54310.0,54230.0,0.0009,2021-04-29 22:00:44.874880+00:00
2021-04-29 11:18:00,54177.08,54293.84,54220.0,54293.84,0.00146922,2021-04-29 22:05:58.869618+00:00
2021-04-29 11:22:00,54263.94,54320.32,54263.94,54320.32,0.00364537,2021-04-29 22:05:58.869618+00:00
2021-04-29 11:30:00,54250.9,54303.03,54303.03,54257.58,0.00235019,2021-04-29 22:05:58.869618+00:00
2021-04-29 11:32:00,54280.57,54280.57,54280.57,54280.57,0.00016523,2021-04-29 22:11:12.752278+00:00
2021-04-29 11:34:00,54203.68,54306.61,54237.81,54203.68,0.00271261,2021-04-29 22:11:12.752278+00:00
2021-04-29 11:35:00,54238.82,54247.35,54247.35,54238.82,0.00307973,2021-04-29 22:16:26.273151+00:00
2021-04-29 11:37:00,54226.98,54370.83,54226.98,54370.83,0.54693748,2021-04-29 22:21:40.316647+00:00
2021-04-29 11:39:00,54333.07,54394.35,54333.07,54394.35,0.00065899,2021-04-29 22:21:40.316647+00:00
2021-04-29 11:40:00,54394.35,54449.81,54394.35,54449.81,0.0220275999999999,2021-04-29 22:21:40.316647+00:00
2021-04-29 11:41:00,54394.35,54447.12,54394.35,54447.12,0.00351648,2021-04-29 22:21:40.316647+00:00
2021-04-29 11:42:00,54397.07,54447.12,54447.12,54397.07,0.00929303,2021-04-29 22:26:55.351267+00:00
2021-04-29 11:47:00,54558.18,54600.27,54600.27,54558.18,0.00331153,2021-04-29 22:26:55.351267+00:00
2021-04-29 11:48:00,54517.5,54580.29,54580.29,54517.5,0.00176801,2021-04-29 22:26:55.351267+00:00
2021-04-29 11:49:00,54415.19,54557.92,54536.0,54557.92,0.04086472,2021-04-29 22:32:10.526992+00:00
2021-04-29 11:51:00,54420.02,54489.89,54489.89,54420.02,0.08057198,2021-04-29 22:32:10.526992+00:00
2021-04-29 11:53:00,54393.08,54467.39,54393.08,54458.47,0.00068124,2021-04-29 22:36:21.775802+00:00
2021-04-29 11:54:00,54483.79,54483.79,54483.79,54483.79,0.00147467,2021-04-29 22:46:50.424109+00:00
2021-04-29 11:57:00,54468.0,54493.41,54468.0,54493.41,0.04087618,2021-04-29 22:46:50.424109+00:00
2021-04-29 11:59:00,54291.59,54461.02,54461.02,54291.59,0.02659444,2021-04-29 22:52:04.970426+00:00
2021-04-29 12:03:00,54270.29,54346.28,54270.29,54346.28,0.00127274,2021-04-29 22:52:04.970426+00:00
2021-04-29 12:06:00,54302.31,54319.96,54319.96,54302.31,0.00362554,2021-04-29 22:56:16.585762+00:00
2021-04-29 12:11:00,54367.03,54475.53,54367.03,54475.53,0.00066653,2021-04-29 22:56:16.585762+00:00
2021-04-29 12:17:00,54476.88,54544.87,54544.87,54476.88,0.0027625999999999,2021-04-29 23:01:30.397025+00:00
2021-04-29 12:18:00,54443.38,54532.43,54532.43,54443.38,0.00505027,2021-04-29 23:01:30.397025+00:00
2021-04-29 12:22:00,54410.28,54481.02,54481.02,54410.28,0.00552706,2021-04-29 23:01:30.397025+00:00
2021-04-29 12:28:00,54478.13,54510.03,54478.13,54510.03,0.00053515,2021-04-29 23:06:44.238134+00:00
2021-04-29 12:32:00,54460.55,54467.24,54460.55,54467.24,0.00038415,2021-04-29 23:11:58.939431+00:00
2021-04-29 12:37:00,54474.68,54474.68,54474.68,54474.68,0.04162917,2021-04-29 23:11:58.939431+00:00
2021-04-29 12:39:00,54518.17,54518.17,54518.17,54518.17,0.00010438,2021-04-29 23:16:11.386914+00:00
2021-04-29 12:41:00,54466.66,54563.31,54563.31,54466.66,0.00081565,2021-04-29 23:16:11.386914+00:00
2021-04-29 12:45:00,54421.32,54555.09,54555.09,54421.32,0.00033233,2021-04-29 23:21:25.461812+00:00
2021-04-29 12:49:00,54455.93,54520.26,54455.93,54520.26,0.00110483,2021-04-29 23:21:25.461812+00:00
2021-04-29 12:51:00,54454.02,54509.53,54509.53,54454.02,0.00067587,2021-04-29 23:26:39.672852+00:00
2021-04-29 12:54:00,54448.13,54497.92,54497.92,54448.13,0.00220142,2021-04-29 23:26:39.672852+00:00
2021-04-29 12:56:00,54402.49,54456.95,54456.95,54402.49,0.00036283,2021-04-29 23:26:39.672852+00:00
2021-04-29 13:02:00,54455.62,54493.99,54455.62,54493.99,0.00111045,2021-04-29 23:26:39.672852+00:00
2021-04-29 13:05:00,54327.02,54327.02,54327.02,54327.02,0.00029519,2021-04-29 23:31:56.524970+00:00
2021-04-29 13:08:00,54197.08,54244.54,54244.54,54197.08,0.00225979,2021-04-29 23:31:56.524970+00:00
2021-04-29 13:11:00,54140.0,54253.26,54253.26,54140.0,0.00127995,2021-04-29 23:31:56.524970+00:00
2021-04-29 13:12:00,54114.7,54130.0,54130.0,54114.7,0.00116206,2021-04-29 23:36:09.380760+00:00
2021-04-29 13:13:00,54185.0,54212.16,54212.16,54185.0,0.00284536,2021-04-29 23:36:09.380760+00:00
2021-04-29 13:17:00,54070.0,54118.06,54114.92,54070.0,0.00399939,2021-04-29 23:41:24.237077+00:00
2021-04-29 13:18:00,54100.0,54118.06,54100.0,54118.06,0.0005,2021-04-29 23:41:24.237077+00:00
2021-04-29 13:19:00,54010.0,54119.39,54119.39,54010.0,0.13479739,2021-04-29 23:46:38.007635+00:00
2021-04-29 13:21:00,53994.9,54125.72,54000.0,54125.72,0.00663588,2021-04-29 23:46:38.007635+00:00
2021-04-29 13:22:00,54078.28,54104.14,54078.28,54104.14,0.0058628,2021-04-29 23:51:53.227271+00:00
2021-04-29 13:23:00,53962.17,54000.0,54000.0,53962.17,0.07051766,2021-04-29 23:51:53.227271+00:00
2021-04-29 13:24:00,53837.19,53977.69,53960.0,53970.52,0.05999904,2021-04-29 23:56:05.774356+00:00
2021-04-29 13:28:00,53978.03,54109.22,54109.22,53978.03,0.00533411,2021-04-29 23:56:05.774356+00:00
2021-04-29 13:31:00,53978.03,54000.69,53978.37,54000.69,0.00306885,2021-04-29 23:56:05.774356+00:00
2021-04-29 13:32:00,53904.35,53969.92,53904.35,53969.92,0.00339569,2021-04-29 23:56:05.774356+00:00
2021-04-29 13:33:00,53946.42,54041.96,53971.12,54041.96,0.154,2021-04-30 00:01:21.122868+00:00
2021-04-29 13:34:00,53900.3,53993.37,53993.37,53900.3,0.002681,2021-04-30 00:11:51.462787+00:00
2021-04-29 13:35:00,53900.0,53954.02,53954.02,53900.0,0.03030289,2021-04-30 00:11:51.462787+00:00
2021-04-29 13:37:00,53730.0,53930.0,53916.31,53730.0,0.07347149,2021-04-30 00:11:51.462787+00:00
2021-04-29 13:38:00,53670.0,53845.9,53747.2,53670.0,0.01734721,2021-04-30 00:17:07.127050+00:00
2021-04-29 13:40:00,53779.74,53820.95,53820.94,53779.74,0.58820246,2021-04-30 00:17:07.127050+00:00
2021-04-29 13:42:00,53819.63,53884.07,53819.63,53884.07,0.00302223,2021-04-30 00:17:07.127050+00:00
2021-04-29 13:43:00,53882.05,53882.05,53882.05,53882.05,0.00088656,2021-04-30 00:17:07.127050+00:00
2021-04-29 13:44:00,53821.39,53882.05,53882.05,53821.39,0.00239896,2021-04-30 00:22:21.828113+00:00
2021-04-29 13:45:00,53819.63,53831.86,53819.63,53831.86,0.00196659,2021-04-30 00:22:21.828113+00:00
2021-04-29 13:46:00,53808.38,53831.86,53808.38,53823.15,0.00051187,2021-04-30 00:22:21.828113+00:00
2021-04-29 13:47:00,53670.0,53757.08,53670.0,53757.08,0.00809786,2021-04-30 00:22:21.828113+00:00
2021-04-29 13:48:00,53771.03,53912.81,53771.03,53912.81,0.01072113,2021-04-30 00:27:36.259602+00:00
2021-04-29 13:50:00,53808.38,53850.08,53850.08,53819.84,0.019117,2021-04-30 00:27:36.259602+00:00
2021-04-29 13:51:00,53814.77,53858.84,53858.84,53814.77,0.0048,2021-04-30 00:32:51.466715+00:00
2021-04-29 13:52:00,53845.77,53845.77,53845.77,53845.77,0.0004343,2021-04-30 00:32:51.466715+00:00
2021-04-29 13:53:00,53755.61,53794.14,53794.14,53755.61,0.00065327,2021-04-30 00:32:51.466715+00:00
2021-04-29 13:54:00,53743.98,53743.98,53743.98,53743.98,0.001,2021-04-30 00:32:51.466715+00:00
2021-04-29 13:55:00,53630.0,53691.18,53691.18,53630.0,0.03143762,2021-04-30 00:37:03.908685+00:00
2021-04-29 13:56:00,53743.31,53762.79,53762.79,53743.31,0.1433,2021-04-30 00:42:18.995899+00:00
2021-04-29 13:57:00,53708.46,53777.41,53777.41,53708.46,0.00050922,2021-04-30 00:42:18.995899+00:00
2021-04-29 13:58:00,53747.5,53774.24,53747.5,53774.24,0.04560814,2021-04-30 00:47:33.159913+00:00
2021-04-29 13:59:00,53590.0,53678.24,53678.24,53590.0,0.00326819,2021-04-30 00:47:33.159913+00:00
2021-04-29 14:00:00,53560.72,53707.0,53580.0,53707.0,0.44040373,2021-04-30 00:47:33.159913+00:00
2021-04-29 14:01:00,53763.75,53784.93,53763.75,53784.93,0.00263202,2021-04-30 00:52:47.481547+00:00
2021-04-29 14:04:00,53788.62,53788.62,53788.62,53788.62,0.0279999999999999,2021-04-30 00:52:47.481547+00:00
2021-04-29 14:05:00,53763.75,53763.75,53763.75,53763.75,0.2094,2021-04-30 00:58:02.407774+00:00
2021-04-29 14:06:00,53754.48,53754.51,53754.48,53754.51,0.00105111,2021-04-30 00:58:02.407774+00:00
2021-04-29 14:08:00,53763.75,53789.19,53763.75,53789.19,0.0066444,2021-04-30 01:03:17.299714+00:00
2021-04-29 14:11:00,53832.8,53832.8,53832.8,53832.8,0.00016665,2021-04-30 01:03:17.299714+00:00
2021-04-29 14:12:00,53808.56,53834.23,53834.23,53808.56,0.0109079,2021-04-30 01:08:31.756520+00:00
2021-04-29 14:14:00,53725.64,53774.67,53774.67,53725.64,0.01938104,2021-04-30 01:08:31.756520+00:00
2021-04-29 14:20:00,53769.19,53812.54,53769.19,53812.54,0.00360086,2021-04-30 01:13:46.551364+00:00
2021-04-29 14:22:00,53810.26,53870.92,53870.92,53843.81,0.00156583,2021-04-30 01:19:02.339552+00:00
2021-04-29 14:23:00,53859.99,53898.62,53898.62,53859.99,0.00141592,2021-04-30 01:19:02.339552+00:00
2021-04-29 14:25:00,53880.18,53880.18,53880.18,53880.18,0.00426105,2021-04-30 01:24:16.900693+00:00
2021-04-29 14:27:00,53825.64,53852.79,53825.64,53852.79,0.0031416,2021-04-30 01:24:16.900693+00:00
2021-04-29 14:30:00,53748.65,53785.06,53785.06,53748.65,0.00091495,2021-04-30 01:29:32.499599+00:00
2021-04-29 14:32:00,53699.94,53732.14,53732.14,53699.94,0.00658904,2021-04-30 01:34:46.489475+00:00
2021-04-29 14:34:00,53661.33,53672.41,53672.41,53661.33,0.00476408,2021-04-30 01:34:46.489475+00:00
2021-04-29 14:39:00,53681.81,53721.47,53681.81,53721.47,0.01681741,2021-04-30 01:34:46.489475+00:00
2021-04-29 14:41:00,53793.09,53876.2,53801.74,53876.2,0.00091601,2021-04-30 01:34:46.489475+00:00
2021-04-29 14:42:00,53712.81,53835.61,53835.61,53712.81,0.00223836,2021-04-30 01:37:56.296458+00:00
2021-04-29 14:44:00,53739.28,53812.92,53812.92,53739.28,0.00239183,2021-04-30 01:43:12.375247+00:00
2021-04-29 14:49:00,53713.16,53734.49,53713.16,53734.49,0.00110105,2021-04-30 01:43:12.375247+00:00
2021-04-29 14:50:00,53717.6,53725.45,53725.45,53718.18,0.00493281,2021-04-30 01:53:41.247974+00:00
2021-04-29 14:53:00,53809.1,53809.1,53809.1,53809.1,0.00029578,2021-04-30 01:53:41.247974+00:00
2021-04-29 14:55:00,53666.81,53732.66,53732.66,53713.41,0.0010677999999999,2021-04-30 01:58:56.532283+00:00
2021-04-29 14:57:00,53643.2,53679.75,53643.2,53679.75,0.00074176,2021-04-30 01:58:56.532283+00:00
2021-04-29 15:03:00,53633.78,53796.29,53679.75,53796.29,0.00595811,2021-04-30 02:09:26.990613+00:00
2021-04-29 15:05:00,53757.15,53784.68,53784.68,53757.15,0.00062924,2021-04-30 02:14:41.768303+00:00
2021-04-29 15:07:00,53703.07,53790.02,53703.07,53790.02,0.00083537,2021-04-30 02:14:41.768303+00:00
2021-04-29 15:11:00,53649.7,53674.13,53674.13,53649.7,0.00393247,2021-04-30 02:19:57.150604+00:00
2021-04-29 15:15:00,53450.0,53683.33,53683.33,53450.0,0.1989819,2021-04-30 02:19:57.150604+00:00
2021-04-29 15:17:00,53387.73,53470.66,53443.48,53470.66,0.05484395,2021-04-30 02:19:57.150604+00:00
2021-04-29 15:18:00,53495.45,53566.19,53495.45,53566.19,0.6303,2021-04-30 02:30:26.465948+00:00
2021-04-29 15:20:00,53722.07,53925.59,53722.07,53885.09,2.0449155,2021-04-30 02:30:26.465948+00:00
2021-04-29 15:22:00,53835.02,53928.0,53841.33,53835.02,0.00627094,2021-04-30 02:35:41.153515+00:00
2021-04-29 15:26:00,53789.61,53789.61,53789.61,53789.61,0.00072822,2021-04-30 02:35:41.153515+00:00
2021-04-29 15:28:00,53797.98,53896.53,53797.98,53896.53,0.03736404,2021-04-30 02:35:41.153515+00:00
2021-04-29 15:34:00,53874.92,53938.08,53874.92,53938.08,0.0003,2021-04-30 02:37:48.223910+00:00
2021-04-29 15:36:00,53912.42,53916.32,53912.42,53916.32,0.00273936,2021-04-30 02:43:04.630207+00:00
2021-04-29 15:38:00,53866.3,53888.03,53888.03,53866.3,0.00028289,2021-04-30 02:43:04.630207+00:00
2021-04-29 15:39:00,53814.26,53872.22,53814.26,53819.8,0.00540098,2021-04-30 02:43:04.630207+00:00
2021-04-29 15:41:00,53810.87,53868.72,53810.87,53835.46,0.00080996,2021-04-30 02:48:22.656435+00:00
2021-04-29 15:43:00,53855.37,53948.16,53918.45,53948.16,0.00339333,2021-04-30 02:48:22.656435+00:00
2021-04-29 15:46:00,53940.25,53946.69,53946.69,53940.25,0.00270504,2021-04-30 02:53:38.448738+00:00
2021-04-29 15:47:00,53854.93,53940.25,53940.25,53854.93,0.00458567,2021-04-30 02:53:38.448738+00:00
2021-04-29 15:48:00,53849.09,53860.52,53860.52,53849.09,0.00199641,2021-04-30 02:53:38.448738+00:00
2021-04-29 15:51:00,53857.72,53857.72,53857.72,53857.72,0.00179142,2021-04-30 02:53:38.448738+00:00
2021-04-29 15:53:00,53812.09,53865.62,53812.09,53865.62,0.00036054,2021-04-30 02:58:54.827769+00:00
2021-04-29 15:57:00,53716.0,53811.7,53811.7,53716.0,0.00184684,2021-04-30 02:58:54.827769+00:00
2021-04-29 15:58:00,53728.42,53749.88,53728.42,53749.88,0.00122371,2021-04-30 02:58:54.827769+00:00
2021-04-29 16:00:00,53663.51,53732.35,53677.44,53729.04,0.08193851,2021-04-30 03:04:10.575751+00:00
2021-04-29 16:04:00,53690.33,53729.04,53729.04,53690.33,0.00052903,2021-04-30 03:04:10.575751+00:00
2021-04-29 16:09:00,53663.48,53664.35,53664.35,53663.48,0.00042048,2021-04-30 03:04:10.575751+00:00
2021-04-29 16:12:00,53721.54,53787.78,53721.54,53787.78,0.00206085,2021-04-30 03:14:42.811173+00:00
2021-04-29 16:14:00,53760.02,53765.15,53760.02,53765.15,0.00189217,2021-04-30 03:14:42.811173+00:00
2021-04-29 16:17:00,53666.31,53674.85,53674.85,53666.31,0.00376534,2021-04-30 03:14:42.811173+00:00
2021-04-29 16:23:00,53675.27,53680.74,53675.27,53680.74,0.01321189,2021-04-30 03:18:56.280078+00:00
2021-04-29 16:26:00,53613.19,53622.34,53618.57,53613.19,0.01624805,2021-04-30 03:18:56.280078+00:00
2021-04-29 16:28:00,53460.0,53600.0,53530.58,53600.0,0.08224792,2021-04-30 03:24:12.042469+00:00
2021-04-29 16:31:00,53580.3,53615.56,53603.75,53615.56,0.0335425,2021-04-30 03:24:12.042469+00:00
2021-04-29 16:32:00,53528.2,53556.18,53528.2,53556.18,0.01279628,2021-04-30 03:24:12.042469+00:00
2021-04-29 16:35:00,53588.82,53612.97,53588.82,53612.97,0.01480723,2021-04-30 03:29:27.394171+00:00
2021-04-29 16:38:00,53482.85,53489.58,53489.58,53482.85,0.00182476,2021-04-30 03:34:42.741099+00:00
2021-04-29 16:41:00,53440.0,53480.7,53480.7,53440.0,0.0051,2021-04-30 03:34:42.741099+00:00
2021-04-29 16:43:00,53430.0,53460.1,53460.1,53430.0,0.00020129,2021-04-30 03:38:55.755885+00:00
2021-04-29 16:44:00,53420.0,53420.0,53420.0,53420.0,0.0001,2021-04-30 03:38:55.755885+00:00
2021-04-29 16:45:00,53174.76,53410.0,53410.0,53297.72,0.07787268,2021-04-30 03:44:11.960163+00:00
2021-04-29 16:46:00,53293.33,53299.34,53299.34,53293.33,0.00299621,2021-04-30 03:44:11.960163+00:00
2021-04-29 16:47:00,53141.49,53269.73,53215.15,53269.73,0.0033978999999999,2021-04-30 03:49:27.512940+00:00
2021-04-29 16:48:00,53226.38,53226.38,53226.38,53226.38,0.00114982,2021-04-30 03:54:44.576152+00:00
2021-04-29 16:49:00,53170.0,53226.38,53226.38,53170.0,0.02204791,2021-04-30 03:54:44.576152+00:00
2021-04-29 16:52:00,53085.41,53140.0,53140.0,53085.41,0.0230819,2021-04-30 03:58:57.511425+00:00
2021-04-29 16:53:00,53026.52,53133.96,53080.0,53133.96,0.00738173,2021-04-30 04:04:13.977900+00:00
2021-04-29 16:55:00,53100.0,53134.07,53134.07,53100.0,0.00035855,2021-04-30 04:04:13.977900+00:00
2021-04-29 16:56:00,53090.0,53090.0,53090.0,53090.0,0.0001,2021-04-30 04:04:13.977900+00:00
2021-04-29 16:57:00,53050.0,53099.3,53099.3,53050.0,0.00087248,2021-04-30 04:07:33.324298+00:00
2021-04-29 16:58:00,52997.2,53040.0,53040.0,53009.35,0.02400751,2021-04-30 04:07:33.324298+00:00
2021-04-29 16:59:00,53009.35,53009.35,53009.35,53009.35,0.01973666,2021-04-30 04:07:33.324298+00:00
2021-04-29 17:00:00,52834.61,52990.0,52990.0,52834.61,0.09140014,2021-04-30 04:07:33.324298+00:00
2021-04-29 17:01:00,52899.8,52989.09,52899.8,52989.09,0.00639633,2021-04-30 04:07:33.324298+00:00
2021-04-29 17:02:00,52977.64,53029.9,53023.7,52977.64,0.02262962,2021-04-30 04:07:33.324298+00:00
2021-04-29 17:04:00,52920.0,52930.0,52930.0,52920.0,0.0002,2021-04-30 04:07:33.324298+00:00
2021-04-29 17:05:00,52880.0,53005.91,52910.0,52880.0,0.00634622,2021-04-30 04:07:33.324298+00:00
2021-04-29 17:06:00,52840.0,52870.0,52870.0,52840.0,0.0004,2021-04-30 04:07:33.324298+00:00
2021-04-29 17:07:00,52830.0,52856.39,52856.39,52830.0,0.00446894,2021-04-30 04:07:33.324298+00:00
2021-04-29 17:08:00,52747.65,52804.89,52800.0,52804.89,0.04297942,2021-04-30 04:07:33.324298+00:00
2021-04-29 17:09:00,52804.9,52819.05,52804.9,52819.05,0.02018471,2021-04-30 04:07:33.324298+00:00
2021-04-29 17:10:00,52592.55,52874.24,52821.72,52592.55,1.08788231,2021-04-30 04:07:33.324298+00:00
2021-04-29 17:11:00,52592.55,52847.42,52847.42,52592.55,1.10444434,2021-04-30 04:07:33.324298+00:00
2021-04-29 17:12:00,52514.02,52867.14,52867.14,52797.15,1.07358824,2021-04-30 04:42:26.544899+00:00
2021-04-29 17:13:00,52805.61,52841.62,52839.9,52834.85,0.14720964,2021-04-30 04:42:26.544899+00:00
2021-04-29 17:14:00,52832.07,52887.89,52832.07,52887.89,0.10362658,2021-04-30 04:47:49.092621+00:00
2021-04-29 17:15:00,52940.03,52940.03,52940.03,52940.03,0.00023509,2021-04-30 04:47:49.092621+00:00
2021-04-29 17:16:00,52886.64,53005.57,52886.64,53005.57,0.03855765,2021-04-30 04:47:49.092621+00:00
2021-04-29 17:17:00,52930.18,53055.38,53010.72,52938.04,0.59786099,2021-04-30 04:47:49.092621+00:00
2021-04-29 17:18:00,52938.04,53015.22,52938.04,53011.49,0.34288109,2021-04-30 04:47:49.092621+00:00
2021-04-29 17:19:00,53034.73,53066.41,53063.19,53040.29,0.02005299,2021-04-30 04:47:49.092621+00:00
2021-04-29 17:20:00,53040.29,53122.4,53040.29,53102.82,0.01694066,2021-04-30 04:47:49.092621+00:00
2021-04-29 17:21:00,53117.32,53163.94,53125.92,53146.63,0.02747447,2021-04-30 04:47:49.092621+00:00
2021-04-29 17:22:00,53114.64,53193.69,53114.64,53153.03,0.01102819,2021-04-30 04:47:49.092621+00:00
2021-04-29 17:23:00,53150.0,53175.72,53175.72,53150.0,0.00109348,2021-04-30 04:47:49.092621+00:00
2021-04-29 17:24:00,53085.01,53122.15,53110.0,53085.01,0.02384696,2021-04-30 04:47:49.092621+00:00
2021-04-29 17:27:00,53126.0,53126.0,53126.0,53126.0,0.093061,2021-04-30 04:47:49.092621+00:00
2021-04-29 17:28:00,53171.93,53202.24,53171.93,53202.24,0.00255478,2021-04-30 04:47:49.092621+00:00
2021-04-29 17:29:00,53120.35,53153.0,53153.0,53120.35,0.02604753,2021-04-30 04:47:49.092621+00:00
2021-04-29 17:30:00,53105.97,53145.83,53120.35,53145.83,0.01347017,2021-04-30 04:47:49.092621+00:00
2021-04-29 17:31:00,53137.18,53148.03,53148.03,53141.53,0.0004557,2021-04-30 04:47:49.092621+00:00
2021-04-29 17:34:00,53141.53,53148.23,53141.53,53148.23,0.00143581,2021-04-30 04:47:49.092621+00:00
2021-04-29 17:36:00,53114.64,53129.98,53129.98,53114.64,0.0008109,2021-04-30 04:47:49.092621+00:00
2021-04-29 17:38:00,52971.42,53023.47,52971.42,53023.47,0.00092975,2021-04-30 04:47:49.092621+00:00
2021-04-29 17:39:00,52915.3,53029.6,53029.6,52915.3,0.00168552,2021-04-30 04:47:49.092621+00:00
2021-04-29 17:41:00,52801.65,52923.4,52842.99,52923.4,0.00160204,2021-04-30 04:47:49.092621+00:00
2021-04-29 17:44:00,52882.07,52882.07,52882.07,52882.07,0.00027224,2021-04-30 04:47:49.092621+00:00
2021-04-29 17:45:00,52818.09,52893.52,52862.81,52818.09,0.00360371,2021-04-30 04:47:49.092621+00:00
2021-04-29 17:48:00,52921.03,52969.15,52921.03,52951.34,0.00407013,2021-04-30 04:47:49.092621+00:00
2021-04-29 17:50:00,52993.79,53020.29,53020.29,52993.79,0.00068834,2021-04-30 04:47:49.092621+00:00
2021-04-29 17:53:00,52891.24,52949.01,52891.24,52916.15,0.0008979,2021-04-30 04:47:49.092621+00:00
2021-04-29 17:56:00,52968.38,52992.82,52968.38,52992.82,0.002016,2021-04-30 04:47:49.092621+00:00
2021-04-29 17:57:00,52915.33,52946.1,52946.1,52915.33,0.00160236,2021-04-30 04:47:49.092621+00:00
2021-04-29 17:58:00,52875.24,52875.24,52875.24,52875.24,0.0001,2021-04-30 04:47:49.092621+00:00
2021-04-29 17:59:00,52780.0,52780.55,52780.55,52780.0,0.0026502,2021-04-30 04:47:49.092621+00:00
2021-04-29 18:00:00,52565.14,52770.0,52770.0,52565.14,0.0591,2021-04-30 04:47:49.092621+00:00
2021-04-29 18:02:00,52574.35,52574.35,52574.35,52574.35,0.00019407,2021-04-30 04:47:49.092621+00:00
2021-04-29 18:04:00,52601.04,52654.17,52601.04,52654.17,0.00045587,2021-04-30 04:47:49.092621+00:00
2021-04-29 18:06:00,52670.69,52729.49,52698.56,52729.49,0.00416502,2021-04-30 04:47:49.092621+00:00
2021-04-29 18:11:00,52713.33,52713.33,52713.33,52713.33,0.0013,2021-04-30 04:47:49.092621+00:00
2021-04-29 18:14:00,52570.56,52687.27,52570.56,52687.27,0.00989139,2021-04-30 04:47:49.092621+00:00
2021-04-29 18:16:00,52538.88,52560.0,52560.0,52538.88,0.01985463,2021-04-30 04:47:49.092621+00:00
2021-04-29 18:18:00,52587.51,52675.96,52587.51,52675.96,0.00366325,2021-04-30 04:47:49.092621+00:00
2021-04-29 18:19:00,52729.93,52784.23,52729.93,52784.23,0.00304242,2021-04-30 04:47:49.092621+00:00
2021-04-29 18:24:00,52811.79,52833.49,52833.49,52811.79,0.00288305,2021-04-30 04:47:49.092621+00:00
2021-04-29 18:27:00,52777.91,52794.06,52777.91,52794.06,0.00079972,2021-04-30 04:47:49.092621+00:00
2021-04-29 18:29:00,52837.12,52837.12,52837.12,52837.12,0.00342606,2021-04-30 04:47:49.092621+00:00
2021-04-29 18:30:00,52787.69,52824.87,52787.69,52824.87,0.00025487,2021-04-30 04:47:49.092621+00:00
2021-04-29 18:31:00,52794.23,52904.37,52794.23,52904.37,0.00036232,2021-04-30 04:47:49.092621+00:00
2021-04-29 18:34:00,52779.54,52831.5,52831.5,52779.54,0.135,2021-04-30 04:47:49.092621+00:00
2021-04-29 18:36:00,52721.74,52759.93,52721.74,52737.93,0.00518717,2021-04-30 04:47:49.092621+00:00
2021-04-29 18:39:00,52606.73,52732.5,52732.5,52606.73,0.00100974,2021-04-30 04:47:49.092621+00:00
2021-04-29 18:43:00,52747.89,52777.28,52747.89,52777.28,0.589,2021-04-30 04:47:49.092621+00:00
2021-04-29 18:46:00,52817.55,52820.0,52817.55,52820.0,0.02157634,2021-04-30 04:47:49.092621+00:00
2021-04-29 18:49:00,52715.94,52861.27,52820.0,52715.94,0.06064346,2021-04-30 04:47:49.092621+00:00
2021-04-29 18:55:00,52960.32,53000.64,52960.32,52983.52,0.03543588,2021-04-30 04:47:49.092621+00:00
2021-04-29 18:56:00,52943.75,52948.15,52948.15,52943.75,0.04046909,2021-04-30 04:47:49.092621+00:00
2021-04-29 18:59:00,52925.57,52997.1,52925.57,52997.1,0.00192884,2021-04-30 04:47:49.092621+00:00
2021-04-29 19:01:00,52905.27,52952.31,52949.86,52952.31,0.02094351,2021-04-30 04:47:49.092621+00:00
2021-04-29 19:07:00,52952.18,52985.74,52985.74,52952.18,0.00118573,2021-04-30 04:47:49.092621+00:00
2021-04-29 19:13:00,52923.47,53006.12,52977.94,52923.47,0.03948879,2021-04-30 04:47:49.092621+00:00
2021-04-29 19:16:00,52952.75,53004.66,52952.75,53004.66,0.00105196,2021-04-30 04:47:49.092621+00:00
2021-04-29 19:18:00,52948.77,53023.27,53010.72,52948.77,0.00310912,2021-04-30 04:47:49.092621+00:00
2021-04-29 19:23:00,52850.01,52850.01,52850.01,52850.01,0.00097902,2021-04-30 04:47:49.092621+00:00
2021-04-29 19:26:00,52908.71,52916.23,52908.71,52916.23,0.0003,2021-04-30 04:47:49.092621+00:00
2021-04-29 19:27:00,52927.11,52973.13,52943.5,52973.13,0.01025524,2021-04-30 04:47:49.092621+00:00
2021-04-29 19:28:00,52973.13,53038.2,52973.13,52992.16,0.00123569,2021-04-30 04:47:49.092621+00:00
2021-04-29 19:30:00,52927.28,53001.16,53001.16,52927.28,0.0202,2021-04-30 04:47:49.092621+00:00
2021-04-29 19:37:00,52766.15,52931.68,52766.15,52931.68,0.02182493,2021-04-30 04:47:49.092621+00:00
2021-04-29 19:39:00,52889.33,52889.71,52889.33,52889.71,0.0003,2021-04-30 04:47:49.092621+00:00
2021-04-29 19:40:00,52878.75,52891.03,52878.75,52891.03,0.02011911,2021-04-30 04:47:49.092621+00:00
2021-04-29 19:41:00,52849.31,52891.03,52891.03,52849.31,0.00156501,2021-04-30 04:47:49.092621+00:00
2021-04-29 19:42:00,52923.66,52971.58,52971.58,52923.66,0.00361803,2021-04-30 04:47:49.092621+00:00
2021-04-29 19:44:00,53020.47,53030.95,53030.95,53020.47,0.00538209,2021-04-30 04:47:49.092621+00:00
2021-04-29 19:45:00,52953.62,53016.33,52999.88,53016.33,0.01130494,2021-04-30 04:47:49.092621+00:00
2021-04-29 19:49:00,52869.01,52980.52,52980.52,52910.63,0.01343468,2021-04-30 04:47:49.092621+00:00
2021-04-29 19:51:00,52885.16,53009.68,52885.16,53009.68,0.00083105,2021-04-30 04:47:49.092621+00:00
2021-04-29 19:53:00,52933.2,52990.46,52990.46,52933.2,0.00592947,2021-04-30 04:47:49.092621+00:00
2021-04-29 19:55:00,52908.94,52954.3,52908.94,52954.3,0.00198985,2021-04-30 04:47:49.092621+00:00
2021-04-29 19:59:00,52867.82,52970.23,52970.23,52867.82,0.01731329,2021-04-30 04:47:49.092621+00:00
2021-04-29 20:02:00,52714.33,52771.31,52771.31,52714.33,0.05006499,2021-04-30 04:47:49.092621+00:00
2021-04-29 20:03:00,52600.0,52682.53,52619.12,52600.0,0.0062048,2021-04-30 04:47:49.092621+00:00
2021-04-29 20:04:00,52590.0,52590.0,52590.0,52590.0,0.0001,2021-04-30 04:47:49.092621+00:00
2021-04-29 20:05:00,52500.0,52580.0,52580.0,52500.0,0.03916466,2021-04-30 04:47:49.092621+00:00
2021-04-29 20:06:00,52386.31,52527.49,52527.49,52432.42,0.00395283,2021-04-30 04:47:49.092621+00:00
2021-04-29 20:07:00,52350.0,52455.27,52396.5,52455.27,0.50026174,2021-04-30 04:47:49.092621+00:00
2021-04-29 20:09:00,52409.23,52421.03,52409.23,52421.03,0.068874,2021-04-30 04:47:49.092621+00:00
2021-04-29 20:10:00,52447.23,52471.67,52457.32,52447.23,0.06111451,2021-04-30 04:47:49.092621+00:00
2021-04-29 20:11:00,52529.1,52529.1,52529.1,52529.1,0.010756,2021-04-30 04:47:49.092621+00:00
2021-04-29 20:12:00,52490.0,52585.21,52491.42,52490.0,1.08960814,2021-04-30 04:47:49.092621+00:00
2021-04-29 20:13:00,52525.91,52586.52,52586.52,52525.91,0.03484314,2021-04-30 04:47:49.092621+00:00
2021-04-29 20:15:00,52622.65,52628.08,52622.65,52628.08,0.05925483,2021-04-30 04:47:49.092621+00:00
2021-04-29 20:17:00,52742.68,52805.81,52742.68,52805.81,0.46939953,2021-04-30 04:47:49.092621+00:00
2021-04-29 20:18:00,52802.54,52809.12,52809.12,52802.54,0.0546,2021-04-30 04:47:49.092621+00:00
2021-04-29 20:19:00,52776.98,52776.98,52776.98,52776.98,0.00017424,2021-04-30 04:47:49.092621+00:00
2021-04-29 20:20:00,52819.2,53051.04,52819.2,53051.04,1.18885,2021-04-30 04:47:49.092621+00:00
2021-04-29 20:21:00,53061.12,53151.84,53061.12,53114.47,0.75941664,2021-04-30 04:47:49.092621+00:00
2021-04-29 20:22:00,52980.48,53095.65,53031.97,53095.65,0.09255886,2021-04-30 04:47:49.092621+00:00
2021-04-29 20:23:00,52976.69,53095.96,53095.96,52976.69,0.00398192,2021-04-30 04:47:49.092621+00:00
2021-04-29 20:26:00,53092.16,53116.62,53092.16,53116.62,0.00032891,2021-04-30 04:47:49.092621+00:00
2021-04-29 20:27:00,53044.26,53044.26,53044.26,53044.26,0.0479,2021-04-30 04:47:49.092621+00:00
2021-04-29 20:28:00,53042.69,53042.69,53042.69,53042.69,0.00016794,2021-04-30 04:47:49.092621+00:00
2021-04-29 20:31:00,53161.92,53303.04,53161.92,53303.04,0.0015,2021-04-30 04:47:49.092621+00:00
2021-04-29 20:32:00,53260.48,53295.46,53295.46,53260.48,0.02034561,2021-04-30 04:47:49.092621+00:00
2021-04-29 20:37:00,53076.04,53145.41,53145.41,53076.04,0.0546,2021-04-30 04:47:49.092621+00:00
2021-04-29 20:38:00,53002.57,53081.71,53049.92,53075.37,0.02450521,2021-04-30 04:47:49.092621+00:00
2021-04-29 20:42:00,52820.0,53029.89,53029.89,52820.0,0.0207,2021-04-30 04:47:49.092621+00:00
2021-04-29 20:44:00,52808.21,52827.17,52810.0,52827.17,0.00049101,2021-04-30 04:47:49.092621+00:00
2021-04-29 20:45:00,52800.0,52950.34,52800.02,52950.34,0.01170214,2021-04-30 04:47:49.092621+00:00
2021-04-29 20:46:00,52886.02,52950.34,52950.34,52886.02,0.01251274,2021-04-30 04:47:49.092621+00:00
2021-04-29 20:47:00,52850.29,52894.11,52850.29,52894.11,0.00999171,2021-04-30 04:47:49.092621+00:00
2021-04-29 20:52:00,52863.81,52894.11,52863.81,52894.11,0.00112616,2021-04-30 04:47:49.092621+00:00
2021-04-29 20:56:00,52942.57,52996.79,52942.57,52996.79,0.00070274,2021-04-30 04:47:49.092621+00:00
2021-04-29 20:58:00,52985.33,53010.96,52985.33,53010.96,0.01984194,2021-04-30 04:47:49.092621+00:00
2021-04-29 20:59:00,52882.62,53000.1,53000.1,52882.62,0.02099491,2021-04-30 04:47:49.092621+00:00
2021-04-29 21:03:00,52960.95,52996.19,52996.19,52960.95,0.00055275,2021-04-30 04:47:49.092621+00:00
2021-04-29 21:04:00,52914.07,52917.38,52914.07,52917.38,0.0020293,2021-04-30 04:47:49.092621+00:00
2021-04-29 21:06:00,52882.9,52882.9,52882.9,52882.9,0.02,2021-04-30 04:47:49.092621+00:00
2021-04-29 21:07:00,52873.57,52906.01,52906.01,52876.31,0.05953827,2021-04-30 04:47:49.092621+00:00
2021-04-29 21:11:00,52893.3,52893.3,52893.3,52893.3,0.00099491,2021-04-30 04:47:49.092621+00:00
2021-04-29 21:14:00,52886.82,52957.76,52957.76,52886.82,0.02059732,2021-04-30 04:47:49.092621+00:00
2021-04-29 21:16:00,52790.01,52879.54,52874.02,52790.01,0.01888333,2021-04-30 04:47:49.092621+00:00
2021-04-29 21:18:00,52839.09,52843.11,52843.11,52839.09,0.06011435,2021-04-30 04:47:49.092621+00:00
2021-04-29 21:19:00,52825.05,52925.78,52825.05,52925.78,0.00055608,2021-04-30 04:47:49.092621+00:00
2021-04-29 21:22:00,52843.08,52919.44,52843.08,52919.44,0.020237,2021-04-30 04:47:49.092621+00:00
2021-04-29 21:26:00,52881.87,52928.44,52881.87,52928.44,0.02092661,2021-04-30 04:47:49.092621+00:00
2021-04-29 21:29:00,52871.54,52889.71,52871.54,52889.71,0.00961285,2021-04-30 04:47:49.092621+00:00
2021-04-29 21:31:00,52889.63,52918.53,52889.63,52918.53,0.01996082,2021-04-30 04:47:49.092621+00:00
2021-04-29 21:35:00,52991.38,53025.57,52991.38,53025.57,0.00191183,2021-04-30 04:47:49.092621+00:00
2021-04-29 21:37:00,53091.39,53103.87,53091.39,53103.87,0.00224747,2021-04-30 04:47:49.092621+00:00
2021-04-29 21:42:00,53024.02,53036.95,53036.95,53035.09,0.00261366,2021-04-30 04:47:49.092621+00:00
2021-04-29 21:44:00,52984.27,52991.92,52991.92,52984.27,0.00083588,2021-04-30 04:47:49.092621+00:00
2021-04-29 21:46:00,53067.02,53130.9,53130.9,53067.02,0.03807811,2021-04-30 04:47:49.092621+00:00
2021-04-29 21:48:00,53024.9,53166.1,53062.68,53166.1,0.02031361,2021-04-30 04:47:49.092621+00:00
2021-04-29 21:50:00,53162.05,53215.35,53162.05,53215.35,0.02221476,2021-04-30 04:47:49.092621+00:00
2021-04-29 21:53:00,53200.62,53222.4,53222.4,53200.62,0.0003634,2021-04-30 04:47:49.092621+00:00
2021-04-29 21:54:00,53226.56,53231.11,53226.56,53231.11,0.00080177,2021-04-30 04:47:49.092621+00:00
2021-04-29 21:56:00,53232.48,53262.72,53232.48,53262.72,0.0004,2021-04-30 04:47:49.092621+00:00
2021-04-29 21:57:00,53272.8,53343.36,53272.8,53343.36,0.00098752,2021-04-30 04:47:49.092621+00:00
2021-04-29 21:59:00,53347.26,53347.44,53347.26,53347.44,0.00116684,2021-04-30 04:47:49.092621+00:00
2021-04-29 22:02:00,53303.04,53334.43,53324.0,53334.43,0.04116027,2021-04-30 04:47:49.092621+00:00
2021-04-29 22:04:00,53241.35,53318.42,53318.42,53241.35,0.00192752,2021-04-30 04:47:49.092621+00:00
2021-04-29 22:05:00,53246.42,53298.21,53251.7,53246.42,0.00704081,2021-04-30 04:47:49.092621+00:00
2021-04-29 22:07:00,53197.17,53291.05,53197.17,53211.57,0.08133158,2021-04-30 04:47:49.092621+00:00
2021-04-29 22:09:00,53268.91,53268.91,53268.91,53268.91,0.0205,2021-04-30 04:47:49.092621+00:00
2021-04-29 22:13:00,53282.26,53293.17,53282.26,53293.17,0.00055909,2021-04-30 04:47:49.092621+00:00
2021-04-29 22:17:00,53266.76,53293.17,53293.17,53291.07,0.02068731,2021-04-30 04:47:49.092621+00:00
2021-04-29 22:19:00,53189.19,53263.66,53234.1,53263.66,0.17079046,2021-04-30 04:47:49.092621+00:00
2021-04-29 22:20:00,53130.6,53168.87,53168.87,53130.6,0.00253809,2021-04-30 04:47:49.092621+00:00
2021-04-29 22:21:00,53180.77,53235.28,53180.77,53235.28,0.00041176,2021-04-30 04:47:49.092621+00:00
2021-04-29 22:22:00,53158.25,53228.54,53228.54,53158.25,0.00235875,2021-04-30 04:47:49.092621+00:00
2021-04-29 22:25:00,53213.27,53227.63,53213.27,53215.52,0.07022335,2021-04-30 04:47:49.092621+00:00
2021-04-29 22:27:00,53200.45,53224.8,53224.8,53200.45,0.00108321,2021-04-30 04:47:49.092621+00:00
2021-04-29 22:29:00,53134.39,53172.91,53134.39,53172.91,0.03757931,2021-04-30 04:47:49.092621+00:00
2021-04-29 22:32:00,53164.42,53216.78,53216.78,53164.42,0.00070489,2021-04-30 04:47:49.092621+00:00
2021-04-29 22:35:00,53162.3,53203.11,53162.3,53193.97,0.00192647,2021-04-30 04:47:49.092621+00:00
2021-04-29 22:45:00,53253.25,53253.27,53253.25,53253.27,0.00110544,2021-04-30 04:47:49.092621+00:00
2021-04-29 22:46:00,53244.55,53363.52,53244.55,53363.52,0.00063892,2021-04-30 04:47:49.092621+00:00
2021-04-29 22:50:00,53373.6,53424.0,53373.6,53424.0,0.0006,2021-04-30 04:47:49.092621+00:00
2021-04-29 22:52:00,53430.49,53454.24,53430.49,53454.24,0.00947262,2021-04-30 04:47:49.092621+00:00
2021-04-29 22:55:00,53373.48,53432.5,53373.48,53432.5,0.00088219,2021-04-30 04:47:49.092621+00:00
2021-04-29 22:56:00,53378.22,53408.57,53378.22,53408.57,0.00130706,2021-04-30 04:47:49.092621+00:00
2021-04-29 22:58:00,53359.58,53392.02,53362.79,53392.02,0.17524342,2021-04-30 04:47:49.092621+00:00
2021-04-29 22:59:00,53405.65,53464.32,53405.65,53464.32,0.00189009,2021-04-30 04:47:49.092621+00:00
2021-04-29 23:02:00,53333.32,53401.67,53397.36,53401.67,0.05858344,2021-04-30 04:47:49.092621+00:00
2021-04-29 23:05:00,53314.4,53354.95,53354.95,53314.4,0.02058354,2021-04-30 04:47:49.092621+00:00
2021-04-29 23:07:00,53280.59,53280.59,53280.59,53280.59,0.00056241,2021-04-30 04:47:49.092621+00:00
2021-04-29 23:10:00,53349.68,53405.52,53349.68,53405.52,0.04431838,2021-04-30 04:47:49.092621+00:00
2021-04-29 23:13:00,53311.04,53331.13,53311.04,53331.13,0.00178767,2021-04-30 04:47:49.092621+00:00
2021-04-29 23:15:00,53422.35,53450.22,53422.35,53450.22,0.00364549,2021-04-30 04:47:49.092621+00:00
2021-04-29 23:18:00,53404.57,53457.43,53457.43,53404.57,0.00107267,2021-04-30 04:47:49.092621+00:00
2021-04-29 23:21:00,53474.4,53524.8,53474.4,53524.8,0.00479703,2021-04-30 04:47:49.092621+00:00
2021-04-29 23:22:00,53534.88,53571.49,53534.88,53571.49,0.00041868,2021-04-30 04:47:49.092621+00:00
2021-04-29 23:23:00,53575.2,53637.84,53575.2,53637.84,0.18281167,2021-04-30 04:47:49.092621+00:00
2021-04-29 23:24:00,53593.63,53651.4,53593.63,53651.4,0.01786917,2021-04-30 04:47:49.092621+00:00
2021-04-29 23:26:00,53568.98,53574.29,53568.98,53574.29,0.00081486,2021-04-30 04:47:49.092621+00:00
2021-04-29 23:27:00,53522.65,53522.65,53522.65,53522.65,0.02,2021-04-30 04:47:49.092621+00:00
2021-04-29 23:28:00,53515.53,53522.65,53515.53,53522.65,0.03508775,2021-04-30 04:47:49.092621+00:00
2021-04-29 23:31:00,53505.87,53562.95,53562.95,53505.87,0.02016747,2021-04-30 04:47:49.092621+00:00
2021-04-29 23:33:00,53432.87,53496.88,53496.88,53432.87,0.00098084,2021-04-30 04:47:49.092621+00:00
2021-04-29 23:36:00,53476.36,53541.82,53525.46,53476.36,0.02119524,2021-04-30 04:47:49.092621+00:00
2021-04-29 23:39:00,53477.75,53505.06,53477.75,53505.06,0.02310217,2021-04-30 04:47:49.092621+00:00
2021-04-29 23:41:00,53479.07,53479.07,53479.07,53479.07,0.02,2021-04-30 04:47:49.092621+00:00
2021-04-29 23:42:00,53478.17,53533.69,53478.17,53533.69,0.00242264,2021-04-30 04:47:49.092621+00:00
2021-04-29 23:43:00,53529.93,53607.41,53529.93,53607.41,0.00262807,2021-04-30 04:47:49.092621+00:00
2021-04-29 23:49:00,53588.71,53588.71,53588.71,53588.71,0.0202663,2021-04-30 04:47:49.092621+00:00
2021-04-29 23:51:00,53607.28,53607.28,53607.28,53607.28,0.00018325,2021-04-30 04:47:49.092621+00:00
2021-04-29 23:52:00,53607.13,53607.13,53607.13,53607.13,0.00091474,2021-04-30 04:47:49.092621+00:00
2021-04-29 23:53:00,53599.68,53602.28,53599.68,53602.28,0.00537072,2021-04-30 04:47:49.092621+00:00
2021-04-29 23:54:00,53579.83,53588.17,53588.17,53579.83,0.00100359,2021-04-30 04:47:49.092621+00:00
2021-04-29 23:55:00,53518.96,53546.03,53546.03,53518.96,0.02130689,2021-04-30 04:47:49.092621+00:00
2021-04-30 00:00:00,53538.79,53538.79,53538.79,53538.79,0.00276534,2021-04-30 04:47:49.092621+00:00
2021-04-30 00:07:00,53344.24,53392.98,53387.22,53344.24,0.14526538,2021-04-30 04:47:49.092621+00:00
2021-04-30 00:09:00,53279.25,53304.7,53304.7,53279.25,0.01757798,2021-04-30 04:47:49.092621+00:00
2021-04-30 00:10:00,53266.81,53342.74,53342.74,53293.35,0.05875285,2021-04-30 04:47:49.092621+00:00
2021-04-30 00:13:00,53127.41,53346.55,53346.55,53127.41,0.76951386,2021-04-30 04:47:49.092621+00:00
2021-04-30 00:14:00,53327.89,53374.35,53327.89,53374.35,0.0225272,2021-04-30 04:47:49.092621+00:00
2021-04-30 00:15:00,53334.83,53354.98,53334.83,53354.98,0.00615117,2021-04-30 04:47:49.092621+00:00
2021-04-30 00:16:00,53120.0,53327.89,53327.89,53120.0,0.0006,2021-04-30 04:47:49.092621+00:00
2021-04-30 00:18:00,53045.11,53110.0,53110.0,53069.61,0.00143931,2021-04-30 04:47:49.092621+00:00
2021-04-30 00:19:00,53150.39,53150.39,53150.39,53150.39,0.00218405,2021-04-30 04:47:49.092621+00:00
2021-04-30 00:20:00,53121.98,53144.83,53144.83,53121.98,0.00308293,2021-04-30 04:47:49.092621+00:00
2021-04-30 00:23:00,53110.16,53220.41,53179.87,53110.16,0.00249143,2021-04-30 04:47:49.092621+00:00
2021-04-30 00:25:00,53154.07,53285.4,53213.41,53279.05,0.08531181,2021-04-30 04:47:49.092621+00:00
2021-04-30 00:28:00,53363.99,53474.4,53363.99,53474.4,0.00114585,2021-04-30 04:47:49.092621+00:00
2021-04-30 00:29:00,53450.32,53565.12,53484.48,53565.12,0.00111396,2021-04-30 04:47:49.092621+00:00
2021-04-30 00:30:00,53575.2,53758.32,53575.2,53735.9,0.65917029,2021-04-30 04:47:49.092621+00:00
2021-04-30 00:31:00,53654.99,53802.64,53766.72,53654.99,0.00536167,2021-04-30 04:47:49.092621+00:00
2021-04-30 00:33:00,53625.58,53632.24,53632.24,53625.58,0.1128,2021-04-30 04:47:49.092621+00:00
2021-04-30 00:35:00,53501.15,53501.15,53501.15,53501.15,0.00165053,2021-04-30 04:47:49.092621+00:00
2021-04-30 00:38:00,53598.58,53618.44,53618.44,53598.58,0.02186804,2021-04-30 04:47:49.092621+00:00
2021-04-30 00:42:00,53516.61,53577.99,53567.4,53577.99,0.00804737,2021-04-30 04:47:49.092621+00:00
2021-04-30 00:43:00,53485.93,53485.93,53485.93,53485.93,0.000344,2021-04-30 04:47:49.092621+00:00
2021-04-30 00:44:00,53441.64,53495.88,53495.88,53441.64,0.11017975,2021-04-30 04:47:49.092621+00:00
2021-04-30 00:46:00,53419.23,53523.33,53523.33,53419.23,0.02445477,2021-04-30 04:47:49.092621+00:00
2021-04-30 00:51:00,53395.41,53430.92,53430.92,53395.41,0.00061932,2021-04-30 04:47:49.092621+00:00
2021-04-30 00:52:00,53350.0,53420.33,53420.33,53350.0,0.04073811,2021-04-30 04:47:49.092621+00:00
2021-04-30 00:53:00,53300.0,53340.0,53340.0,53300.0,0.0205,2021-04-30 04:47:49.092621+00:00
2021-04-30 00:55:00,53280.0,53290.0,53290.0,53280.0,0.0402,2021-04-30 04:47:49.092621+00:00
2021-04-30 01:01:00,53270.0,53284.36,53270.0,53284.36,0.0013283,2021-04-30 04:47:49.092621+00:00
2021-04-30 01:03:00,53270.0,53270.0,53270.0,53270.0,0.00037767,2021-04-30 04:47:49.092621+00:00
2021-04-30 01:05:00,53260.0,53270.0,53270.0,53260.0,0.0203737,2021-04-30 04:47:49.092621+00:00
2021-04-30 01:06:00,53298.15,53298.15,53298.15,53298.15,0.00046397,2021-04-30 04:47:49.092621+00:00
2021-04-30 01:12:00,53287.42,53354.87,53354.87,53287.47,0.12919025,2021-04-30 04:47:49.092621+00:00
2021-04-30 01:16:00,53220.0,53298.54,53298.54,53220.0,0.0404,2021-04-30 04:47:49.092621+00:00
2021-04-30 01:19:00,53151.61,53210.0,53210.0,53155.22,0.02636259,2021-04-30 04:47:49.092621+00:00
2021-04-30 01:22:00,53324.44,53324.44,53324.44,53324.44,0.00016816,2021-04-30 04:47:49.092621+00:00
2021-04-30 01:23:00,53301.27,53303.02,53303.02,53301.27,0.00028449,2021-04-30 04:47:49.092621+00:00
2021-04-30 01:29:00,53281.77,53301.76,53301.76,53281.77,0.00308685,2021-04-30 04:47:49.092621+00:00
2021-04-30 01:30:00,53281.95,53281.95,53281.95,53281.95,0.00195768,2021-04-30 04:47:49.092621+00:00
2021-04-30 01:31:00,53291.93,53311.26,53291.93,53311.26,0.02348629,2021-04-30 04:47:49.092621+00:00
2021-04-30 01:32:00,53252.18,53268.64,53268.64,53252.37,0.0493546,2021-04-30 04:47:49.092621+00:00
2021-04-30 01:33:00,53251.7,53260.27,53251.7,53260.27,0.02473802,2021-04-30 04:47:49.092621+00:00
2021-04-30 01:38:00,53335.05,53535.32,53335.05,53500.27,0.17220294,2021-04-30 04:47:49.092621+00:00
2021-04-30 01:39:00,53544.42,53585.28,53585.28,53547.61,0.02506216,2021-04-30 04:47:49.092621+00:00
2021-04-30 01:41:00,53513.64,53542.66,53542.66,53516.72,0.01210434,2021-04-30 04:47:49.092621+00:00
2021-04-30 01:49:00,53339.05,53341.05,53341.05,53339.05,0.00543891,2021-04-30 04:47:49.092621+00:00
2021-04-30 01:53:00,53345.2,53404.59,53404.59,53345.2,0.02607253,2021-04-30 04:47:49.092621+00:00
2021-04-30 01:56:00,53365.76,53365.76,53365.76,53365.76,0.00321947,2021-04-30 04:47:49.092621+00:00
2021-04-30 01:57:00,53360.31,53478.76,53360.31,53478.76,0.02550183,2021-04-30 04:47:49.092621+00:00
2021-04-30 02:09:00,53451.87,53466.74,53451.87,53466.73,0.02037212,2021-04-30 04:47:49.092621+00:00
2021-04-30 02:10:00,53486.13,53487.44,53486.13,53487.44,0.00422638,2021-04-30 04:47:49.092621+00:00
2021-04-30 02:12:00,53483.95,53489.15,53489.15,53483.95,0.00028108,2021-04-30 04:47:49.092621+00:00
2021-04-30 02:17:00,53483.95,53483.95,53483.95,53483.95,0.00186972,2021-04-30 04:47:49.092621+00:00
2021-04-30 02:19:00,53481.79,53527.27,53527.02,53481.79,0.05733442,2021-04-30 04:47:49.092621+00:00
2021-04-30 02:20:00,53481.79,53594.14,53481.79,53594.14,0.01469122,2021-04-30 04:47:49.092621+00:00
2021-04-30 02:28:00,53500.0,53559.87,53559.87,53500.0,0.0460892,2021-04-30 04:47:49.092621+00:00
2021-04-30 02:30:00,53442.21,53549.77,53470.45,53543.2,0.07493421,2021-04-30 04:47:49.092621+00:00
2021-04-30 02:33:00,53533.27,53533.27,53533.27,53533.27,0.00089183,2021-04-30 04:47:49.092621+00:00
2021-04-30 02:34:00,53313.56,53473.22,53473.22,53427.44,0.20875782,2021-04-30 04:47:49.092621+00:00
2021-04-30 02:35:00,53434.97,53479.77,53434.97,53479.77,0.00408294,2021-04-30 04:47:49.092621+00:00
2021-04-30 02:37:00,53411.47,53431.2,53431.2,53411.47,0.13,2021-04-30 04:47:49.092621+00:00
2021-04-30 02:39:00,53354.57,53399.85,53364.82,53369.05,0.04211566,2021-04-30 04:47:49.092621+00:00
2021-04-30 02:41:00,53406.19,53456.85,53406.19,53416.21,0.02995115,2021-04-30 04:47:49.092621+00:00
2021-04-30 02:43:00,53450.0,53477.8,53454.48,53477.8,0.07003685,2021-04-30 04:47:49.092621+00:00
2021-04-30 02:46:00,53446.76,53448.29,53446.76,53448.29,0.02065207,2021-04-30 04:47:49.092621+00:00
2021-04-30 02:48:00,53421.57,53450.29,53450.29,53421.57,0.00143459,2021-04-30 04:47:49.092621+00:00
2021-04-30 02:49:00,53375.37,53430.86,53375.37,53430.86,0.04590944,2021-04-30 04:47:49.092621+00:00
2021-04-30 02:50:00,53452.45,53493.9,53493.9,53452.45,0.00197303,2021-04-30 04:47:49.092621+00:00
2021-04-30 02:51:00,53457.5,53457.5,53457.5,53457.5,0.00232323,2021-04-30 04:47:49.092621+00:00
2021-04-30 02:52:00,53469.78,53505.46,53469.78,53505.46,0.00034918,2021-04-30 04:47:49.092621+00:00
2021-04-30 02:55:00,53532.66,53553.68,53532.66,53553.68,0.00042492,2021-04-30 04:47:49.092621+00:00
2021-04-30 02:58:00,53544.34,53563.97,53544.34,53563.97,0.00101443,2021-04-30 04:47:49.092621+00:00
2021-04-30 02:59:00,53543.8,53563.97,53563.97,53543.8,0.02139991,2021-04-30 04:47:49.092621+00:00
2021-04-30 03:01:00,53584.53,53606.76,53595.36,53584.53,0.02090196,2021-04-30 04:47:49.092621+00:00
2021-04-30 03:02:00,53559.36,53611.22,53611.22,53559.36,0.02181761,2021-04-30 04:47:49.092621+00:00
2021-04-30 03:04:00,53538.37,53560.59,53560.59,53538.37,0.00053345,2021-04-30 04:47:49.092621+00:00
2021-04-30 03:11:00,53488.59,53524.03,53524.03,53488.59,0.0201,2021-04-30 04:47:49.092621+00:00
2021-04-30 03:12:00,53503.58,53576.07,53568.08,53576.07,0.13619521,2021-04-30 04:47:49.092621+00:00
2021-04-30 03:15:00,53546.41,53615.52,53546.41,53615.52,0.0050009,2021-04-30 04:47:49.092621+00:00
2021-04-30 03:17:00,53625.6,53645.76,53625.6,53645.76,0.00043742,2021-04-30 04:47:49.092621+00:00
2021-04-30 03:18:00,53655.84,53696.16,53655.84,53696.16,0.0005,2021-04-30 04:47:49.092621+00:00
2021-04-30 03:20:00,53674.0,53716.32,53706.24,53674.0,0.00230916,2021-04-30 04:47:49.092621+00:00
2021-04-30 03:22:00,53662.88,53757.76,53726.4,53662.88,0.00214611,2021-04-30 04:47:49.092621+00:00
2021-04-30 03:25:00,53624.77,53665.63,53624.77,53665.63,0.00440657,2021-04-30 04:47:49.092621+00:00
2021-04-30 03:27:00,53627.1,53679.81,53627.1,53679.81,0.02136095,2021-04-30 04:47:49.092621+00:00
2021-04-30 03:31:00,53652.12,53686.24,53686.24,53655.73,0.02504335,2021-04-30 04:47:49.092621+00:00
2021-04-30 03:32:00,53648.13,53685.12,53685.12,53648.13,0.01830714,2021-04-30 04:47:49.092621+00:00
2021-04-30 03:36:00,53601.47,53625.07,53625.07,53601.47,0.00074297,2021-04-30 04:47:49.092621+00:00
2021-04-30 03:39:00,53670.02,53671.04,53671.04,53670.02,0.00059821,2021-04-30 04:47:49.092621+00:00
2021-04-30 03:40:00,53662.46,53715.37,53715.37,53662.46,0.0012361,2021-04-30 04:47:49.092621+00:00
2021-04-30 03:42:00,53675.77,53691.25,53675.79,53675.77,0.00622792,2021-04-30 04:47:49.092621+00:00
2021-04-30 03:46:00,53633.8,53666.13,53666.13,53633.8,0.01981255,2021-04-30 04:47:49.092621+00:00
2021-04-30 03:53:00,53721.65,53723.41,53721.65,53723.41,0.0050718,2021-04-30 04:47:49.092621+00:00
2021-04-30 03:55:00,53658.67,53659.4,53659.4,53658.67,0.08241891,2021-04-30 04:47:49.092621+00:00
2021-04-30 03:58:00,53638.64,53672.03,53638.64,53672.03,0.00086816,2021-04-30 04:47:49.092621+00:00
2021-04-30 04:00:00,53662.57,53766.72,53662.57,53766.72,0.00303275,2021-04-30 04:47:49.092621+00:00
2021-04-30 04:01:00,53776.8,53796.96,53776.8,53796.96,0.0003,2021-04-30 04:47:49.092621+00:00
2021-04-30 04:02:00,53807.04,53912.27,53807.04,53912.27,0.06258655,2021-04-30 04:47:49.092621+00:00
2021-04-30 04:05:00,53857.02,53907.22,53857.02,53907.22,0.00286228,2021-04-30 04:47:49.092621+00:00
2021-04-30 04:10:00,53857.02,53857.02,53857.02,53857.02,0.0001,2021-04-30 04:47:49.092621+00:00
2021-04-30 04:12:00,53917.92,54059.04,53917.92,54059.04,0.06319996,2021-04-30 04:47:49.092621+00:00
2021-04-30 04:13:00,53969.32,54076.33,53994.09,54076.33,0.12220246,2021-04-30 04:47:49.092621+00:00
2021-04-30 04:15:00,54079.2,54116.32,54079.2,54087.29,0.00574011,2021-04-30 04:47:49.092621+00:00
2021-04-30 04:16:00,54081.4,54081.4,54081.4,54081.4,0.00034056,2021-04-30 04:47:49.092621+00:00
2021-04-30 04:17:00,54026.62,54081.4,54081.4,54051.64,0.00705966,2021-04-30 04:47:49.092621+00:00
2021-04-30 04:19:00,54041.8,54049.58,54049.58,54041.8,0.00069171,2021-04-30 04:47:49.092621+00:00
2021-04-30 04:23:00,54078.0,54114.7,54078.0,54111.3,0.00427083,2021-04-30 04:47:49.092621+00:00
2021-04-30 04:25:00,54117.24,54135.09,54119.52,54117.24,0.03090396,2021-04-30 04:47:49.092621+00:00
2021-04-30 04:26:00,54111.91,54149.76,54127.1,54111.91,0.00116603,2021-04-30 04:47:49.092621+00:00
2021-04-30 04:27:00,54149.76,54162.16,54149.76,54162.16,0.00288765,2021-04-30 04:47:49.092621+00:00
2021-04-30 04:29:00,54160.0,54180.0,54160.0,54180.0,0.00632669,2021-04-30 04:47:49.092621+00:00
2021-04-30 04:34:00,54068.41,54091.17,54068.41,54091.17,0.00370795,2021-04-30 04:47:49.092621+00:00
2021-04-30 04:38:00,54011.07,54096.3,54096.3,54011.07,0.00072391,2021-04-30 04:47:49.092621+00:00
2021-04-30 04:42:00,54082.83,54082.83,54082.83,54082.83,0.00132025,2021-04-30 04:47:49.092621+00:00
